<?xml version="1.0" encoding="utf-8"?>
<openerp>
    <data noupdate="1">
        
        <!--  School Information -->
        <record id="demo_school_1" model="school.school">
            <field name="name">West High School</field>
            <field name="code">0672</field>
            <field name="city">melbourne</field>
        </record>
        <record id="demo_school_2" model="school.school">
            <field name="name">East High School</field>
            <field name="code">0786</field>
            <field name="city">Ontario</field>
        </record>
        <record id="demo_school_3" model="school.school">
            <field name="name">Everwood High School</field>
            <field name="code">0895</field>
            <field name="city">London</field>
        </record>
        
<!-- Student Grade Master -->
        <record id="demo_student_grade_1" model="grade.master">
            <field name="name">Grade System for Finals</field>
        </record>
        <record id="demo_student_grade_line_1" model="grade.line">
            <field name="sequence">1</field>
            <field name="grade">A+</field>
            <field name="from_mark">90</field>
            <field name="to_mark">100</field>
            <field name="grade_id" ref="demo_student_grade_1"/>
        </record>
        <record id="demo_student_grade_line_2" model="grade.line">
            <field name="sequence">2</field>
            <field name="grade">A</field>
            <field name="from_mark">80</field>
            <field name="to_mark">89</field>
            <field name="grade_id" ref="demo_student_grade_1"/>
        </record>
        <record id="demo_student_grade_line_3" model="grade.line">
            <field name="sequence">3</field>
            <field name="grade">A-</field>
            <field name="from_mark">70</field>
            <field name="to_mark">79</field>
            <field name="grade_id" ref="demo_student_grade_1"/>
        </record>
        <record id="demo_student_grade_line_4" model="grade.line">
            <field name="sequence">4</field>
            <field name="grade">B+</field>
            <field name="from_mark">60</field>
            <field name="to_mark">69</field>
            <field name="grade_id" ref="demo_student_grade_1"/>
        </record>
        <record id="demo_student_grade_line_5" model="grade.line">
            <field name="sequence">5</field>
            <field name="grade">B</field>
            <field name="from_mark">50</field>
            <field name="to_mark">59</field>
            <field name="grade_id" ref="demo_student_grade_1"/>
        </record>
        <record id="demo_student_grade_line_6" model="grade.line">
            <field name="sequence">6</field>
            <field name="grade">B-</field>
            <field name="from_mark">35</field>
            <field name="to_mark">49</field>
            <field name="grade_id" ref="demo_student_grade_1"/>
        </record>
        <record id="demo_student_grade_line_7" model="grade.line">
            <field name="sequence">1</field>
            <field name="grade">F</field>
            <field name="from_mark">00</field>
            <field name="to_mark">34</field>
            <field name="grade_id" ref="demo_student_grade_1"/>
        </record>

        <!--Academic Year  Information-->
        <record id="demo_academic_year_1" model="academic.year">
                <field name="name">Academic Year Previous</field>
                <field name="code">First</field>
                <field name="sequence">1</field>
                <field name="grade_id" ref="demo_student_grade_1"/>
                <field eval="(DateTime.today() - relativedelta(years=1)).strftime('%Y-01-01 %H:%M')" name="date_start"/>
                <field eval="(DateTime.today() - relativedelta(years=1)).strftime('%Y-12-31 %H:%M')" name="date_stop"/>
        </record>
        <record id="demo_academic_year_2" model="academic.year">
               <field name="name">Academic Year Current</field>
               <field name="code">Second</field>
               <field name="sequence">2</field>
               <field name="grade_id" ref="demo_student_grade_1"/>
               <field eval="(DateTime.today()).strftime('%Y-01-01 %H:%M')" name="date_start"/>
               <field eval="(DateTime.today()).strftime('%Y-12-31 %H:%M')" name="date_stop"/>
        </record>
        <record id="demo_academic_year_3" model="academic.year">
               <field name="name">Academic Year Next</field>
               <field name="code">Third</field>
               <field name="sequence">3</field>
               <field name="grade_id" ref="demo_student_grade_1"/>
               <field eval="(DateTime.today() + relativedelta(years=1)).strftime('%Y-01-01 %H:%M')" name="date_start"/>
               <field eval="(DateTime.today() + relativedelta(years=1)).strftime('%Y-12-31 %H:%M')" name="date_stop"/>
        </record>

        <!-- Acadamic Month -->
        <record id="demo_academic_month_previous_1" model="academic.month">
                <field name="name">January</field>
                <field name="code">JAN</field>
                <field name="year_id" ref="school.demo_academic_year_1"/>
                <field name="date_start" eval="(DateTime.today() - relativedelta(years=1)).strftime('%Y-01-01 %H:%M')"/>
                <field name="date_stop" eval="(DateTime.today() - relativedelta(years=1)).strftime('%Y-01-31 %H:%M')"/>
       </record>
       <record id="demo_academic_month_previous_2" model="academic.month">
                <field name="name">February</field>
                <field name="code">FEB</field>
                <field name="year_id" ref="school.demo_academic_year_1"/>
                <field name="date_start" eval="(DateTime.today() - relativedelta(years=1)).strftime('%Y-02-01 %H:%M')"/>
                <field name="date_stop" eval="(DateTime.today() - relativedelta(years=1)).strftime('%Y-02-28 %H:%M')"/>
       </record>
       <record id="demo_academic_month_previous_3" model="academic.month">
                <field name="name">March</field>
                <field name="code">MAR</field>
                <field name="year_id" ref="school.demo_academic_year_1"/>
                <field name="date_start" eval="(DateTime.today() - relativedelta(years=1)).strftime('%Y-03-01 %H:%M')"/>
                <field name="date_stop" eval="(DateTime.today() - relativedelta(years=1)).strftime('%Y-03-31 %H:%M')"/>
       </record>
       <record id="demo_academic_month_previous_4" model="academic.month">
                <field name="name">April</field>
                <field name="code">APR</field>
                <field name="year_id" ref="school.demo_academic_year_1"/>
                <field name="date_start" eval="(DateTime.today() - relativedelta(years=1)).strftime('%Y-04-01 %H:%M')"/>
                <field name="date_stop" eval="(DateTime.today() - relativedelta(years=1)).strftime('%Y-04-30 %H:%M')"/>
       </record>
       <record id="demo_academic_month_previous_5" model="academic.month">
                <field name="name">May</field>
                <field name="code">MAY</field>
                <field name="year_id" ref="school.demo_academic_year_1"/>
                <field name="date_start" eval="(DateTime.today() - relativedelta(years=1)).strftime('%Y-05-01 %H:%M')"/>
                <field name="date_stop" eval="(DateTime.today() - relativedelta(years=1)).strftime('%Y-05-31 %H:%M')"/>
       </record>
       <record id="demo_academic_month_previous_6" model="academic.month">
                <field name="name">June</field>
                <field name="code">JUN</field>
                <field name="year_id" ref="school.demo_academic_year_1"/>
                <field name="date_start" eval="(DateTime.today() - relativedelta(years=1)).strftime('%Y-06-01 %H:%M')"/>
                <field name="date_stop" eval="(DateTime.today() - relativedelta(years=1)).strftime('%Y-06-30 %H:%M')"/>
       </record>
       <record id="demo_academic_month_previous_7" model="academic.month">
                <field name="name">July</field>
                <field name="code">JUL</field>
                <field name="year_id" ref="school.demo_academic_year_1"/>
                <field name="date_start" eval="(DateTime.today() - relativedelta(years=1)).strftime('%Y-07-01 %H:%M')"/>
                <field name="date_stop" eval="(DateTime.today() - relativedelta(years=1)).strftime('%Y-07-31 %H:%M')"/>
       </record>
       <record id="demo_academic_month_previous_8" model="academic.month">
                <field name="name">August</field>
                <field name="code">AUG</field>
                <field name="year_id" ref="school.demo_academic_year_1"/>
                <field name="date_start" eval="(DateTime.today() - relativedelta(years=1)).strftime('%Y-08-01 %H:%M')"/>
                <field name="date_stop" eval="(DateTime.today() - relativedelta(years=1)).strftime('%Y-08-31 %H:%M')"/>
       </record>
       <record id="demo_academic_month_previous_9" model="academic.month">
                <field name="name">September</field>
                <field name="code">SEP</field>
                <field name="year_id" ref="school.demo_academic_year_1"/>
                <field name="date_start" eval="(DateTime.today() - relativedelta(years=1)).strftime('%Y-09-01 %H:%M')"/>
                <field name="date_stop" eval="(DateTime.today() - relativedelta(years=1)).strftime('%Y-09-30 %H:%M')"/>
       </record>
       <record id="demo_academic_month_previous_10" model="academic.month">
                <field name="name">October</field>
                <field name="code">OCT</field>
                <field name="year_id" ref="school.demo_academic_year_1"/>
                <field name="date_start" eval="(DateTime.today() - relativedelta(years=1)).strftime('%Y-10-01 %H:%M')"/>
                <field name="date_stop" eval="(DateTime.today() - relativedelta(years=1)).strftime('%Y-10-31 %H:%M')"/>
       </record>
       <record id="demo_academic_month_previous_11" model="academic.month">
                <field name="name">November</field>
                <field name="code">NOV</field>
                <field name="year_id" ref="school.demo_academic_year_1"/>
                <field name="date_start" eval="(DateTime.today() - relativedelta(years=1)).strftime('%Y-11-01 %H:%M')"/>
                <field name="date_stop" eval="(DateTime.today() - relativedelta(years=1)).strftime('%Y-11-30 %H:%M')"/>
       </record>
       <record id="demo_academic_month_previous_12" model="academic.month">
                <field name="name">December</field>
                <field name="code">DEC</field>
                <field name="year_id" ref="school.demo_academic_year_1"/>
                <field name="date_start" eval="(DateTime.today() - relativedelta(years=1)).strftime('%Y-12-01 %H:%M')"/>
                <field name="date_stop" eval="(DateTime.today() - relativedelta(years=1)).strftime('%Y-12-31 %H:%M')"/>
       </record>
        <record id="demo_academic_month_current_1" model="academic.month">
                <field name="name">January</field>
                <field name="code">JAN</field>
                <field name="year_id" ref="school.demo_academic_year_2"/>
                <field name="date_start" eval="(DateTime.today()).strftime('%Y-01-01 %H:%M')"/>
                <field name="date_stop" eval="(DateTime.today()).strftime('%Y-01-31 %H:%M')"/>
       </record>
       <record id="demo_academic_month_current_2" model="academic.month">
                <field name="name">February</field>
                <field name="code">FEB</field>
                <field name="year_id" ref="school.demo_academic_year_2"/>
                <field name="date_start" eval="(DateTime.today()).strftime('%Y-02-01 %H:%M')"/>
                <field name="date_stop" eval="(DateTime.today()).strftime('%Y-02-28 %H:%M')"/>
       </record>
       <record id="demo_academic_month_current_3" model="academic.month">
                <field name="name">March</field>
                <field name="code">MAR</field>
                <field name="year_id" ref="school.demo_academic_year_2"/>
                <field name="date_start" eval="(DateTime.today()).strftime('%Y-03-01 %H:%M')"/>
                <field name="date_stop" eval="(DateTime.today()).strftime('%Y-03-31 %H:%M')"/>
       </record>
       <record id="demo_academic_month_current_4" model="academic.month">
                <field name="name">April</field>
                <field name="code">APR</field>
                <field name="year_id" ref="school.demo_academic_year_2"/>
                <field name="date_start" eval="(DateTime.today()).strftime('%Y-04-01 %H:%M')"/>
                <field name="date_stop" eval="(DateTime.today()).strftime('%Y-04-30 %H:%M')"/>
       </record>
       <record id="demo_academic_month_current_5" model="academic.month">
                <field name="name">May</field>
                <field name="code">MAY</field>
                <field name="year_id" ref="school.demo_academic_year_2"/>
                <field name="date_start" eval="(DateTime.today()).strftime('%Y-05-01 %H:%M')"/>
                <field name="date_stop" eval="(DateTime.today()).strftime('%Y-05-31 %H:%M')"/>
       </record>
       <record id="demo_academic_month_current_6" model="academic.month">
                <field name="name">June</field>
                <field name="code">JUN</field>
                <field name="year_id" ref="school.demo_academic_year_2"/>
                <field name="date_start" eval="(DateTime.today()).strftime('%Y-06-01 %H:%M')"/>
                <field name="date_stop" eval="(DateTime.today()).strftime('%Y-06-30 %H:%M')"/>
       </record>
       <record id="demo_academic_month_current_7" model="academic.month">
                <field name="name">July</field>
                <field name="code">JUL</field>
                <field name="year_id" ref="school.demo_academic_year_2"/>
                <field name="date_start" eval="(DateTime.today()).strftime('%Y-07-01 %H:%M')"/>
                <field name="date_stop" eval="(DateTime.today()).strftime('%Y-07-31 %H:%M')"/>
       </record>
       <record id="demo_academic_month_cur_8" model="academic.month">
                <field name="name">August</field>
                <field name="code">AUG</field>
                <field name="year_id" ref="school.demo_academic_year_2"/>
                <field name="date_start" eval="(DateTime.today()).strftime('%Y-08-01 %H:%M')"/>
                <field name="date_stop" eval="(DateTime.today()).strftime('%Y-08-31 %H:%M')"/>
       </record>
       <record id="demo_academic_month_current_9" model="academic.month">
                <field name="name">September</field>
                <field name="code">SEP</field>
                <field name="year_id" ref="school.demo_academic_year_2"/>
                <field name="date_start" eval="(DateTime.today()).strftime('%Y-09-01 %H:%M')"/>
                <field name="date_stop" eval="(DateTime.today()).strftime('%Y-09-30 %H:%M')"/>
       </record>
       <record id="demo_academic_month_current_10" model="academic.month">
                <field name="name">October</field>
                <field name="code">OCT</field>
                <field name="year_id" ref="school.demo_academic_year_2"/>
                <field name="date_start" eval="(DateTime.today()).strftime('%Y-10-01 %H:%M')"/>
                <field name="date_stop" eval="(DateTime.today()).strftime('%Y-10-31 %H:%M')"/>
       </record>
       <record id="demo_academic_month_current_11" model="academic.month">
                <field name="name">November</field>
                <field name="code">NOV</field>
                <field name="year_id" ref="school.demo_academic_year_2"/>
                <field name="date_start" eval="(DateTime.today()).strftime('%Y-11-01 %H:%M')"/>
                <field name="date_stop" eval="(DateTime.today()).strftime('%Y-11-30 %H:%M')"/>
       </record>
       <record id="demo_academic_month_current_12" model="academic.month">
                <field name="name">December</field>
                <field name="code">DEC</field>
                <field name="year_id" ref="school.demo_academic_year_2"/>
                <field name="date_start" eval="(DateTime.today()).strftime('%Y-12-01 %H:%M')"/>
                <field name="date_stop" eval="(DateTime.today()).strftime('%Y-12-31 %H:%M')"/>
       </record>
        <record id="demo_academic_month_next_1" model="academic.month">
                <field name="name">January</field>
                <field name="code">JAN</field>
                <field name="year_id" ref="school.demo_academic_year_3"/>
                <field name="date_start" eval="(DateTime.today() + relativedelta(years=1)).strftime('%Y-01-01 %H:%M')"/>
                <field name="date_stop" eval="(DateTime.today() + relativedelta(years=1)).strftime('%Y-01-31 %H:%M')"/>
       </record>
       <record id="demo_academic_month_next_2" model="academic.month">
                <field name="name">February</field>
                <field name="code">FEB</field>
                <field name="year_id" ref="school.demo_academic_year_3"/>
                <field name="date_start" eval="(DateTime.today() + relativedelta(years=1)).strftime('%Y-02-01 %H:%M')"/>
                <field name="date_stop" eval="(DateTime.today() + relativedelta(years=1)).strftime('%Y-02-28 %H:%M')"/>
       </record>
       <record id="demo_academic_month_next_3" model="academic.month">
                <field name="name">March</field>
                <field name="code">MAR</field>
                <field name="year_id" ref="school.demo_academic_year_3"/>
                <field name="date_start" eval="(DateTime.today() + relativedelta(years=1)).strftime('%Y-03-01 %H:%M')"/>
                <field name="date_stop" eval="(DateTime.today() + relativedelta(years=1)).strftime('%Y-03-31 %H:%M')"/>
       </record>
       <record id="demo_academic_month_next_4" model="academic.month">
                <field name="name">April</field>
                <field name="code">APR</field>
                <field name="year_id" ref="school.demo_academic_year_3"/>
                <field name="date_start" eval="(DateTime.today() + relativedelta(years=1)).strftime('%Y-04-01 %H:%M')"/>
                <field name="date_stop" eval="(DateTime.today() + relativedelta(years=1)).strftime('%Y-04-30 %H:%M')"/>
       </record>
       <record id="demo_academic_month_next_5" model="academic.month">
                <field name="name">May</field>
                <field name="code">MAY</field>
                <field name="year_id" ref="school.demo_academic_year_3"/>
                <field name="date_start" eval="(DateTime.today() + relativedelta(years=1)).strftime('%Y-05-01 %H:%M')"/>
                <field name="date_stop" eval="(DateTime.today() + relativedelta(years=1)).strftime('%Y-05-31 %H:%M')"/>
       </record>
       <record id="demo_academic_month_next_6" model="academic.month">
                <field name="name">June</field>
                <field name="code">JUN</field>
                <field name="year_id" ref="school.demo_academic_year_3"/>
                <field name="date_start" eval="(DateTime.today() + relativedelta(years=1)).strftime('%Y-06-01 %H:%M')"/>
                <field name="date_stop" eval="(DateTime.today() + relativedelta(years=1)).strftime('%Y-06-30 %H:%M')"/>
       </record>
       <record id="demo_academic_month_next_7" model="academic.month">
                <field name="name">July</field>
                <field name="code">JUL</field>
                <field name="year_id" ref="school.demo_academic_year_3"/>
                <field name="date_start" eval="(DateTime.today() + relativedelta(years=1)).strftime('%Y-07-01 %H:%M')"/>
                <field name="date_stop" eval="(DateTime.today() + relativedelta(years=1)).strftime('%Y-07-31 %H:%M')"/>
       </record>
       <record id="demo_academic_month_next_8" model="academic.month">
                <field name="name">August</field>
                <field name="code">AUG</field>
                <field name="year_id" ref="school.demo_academic_year_3"/>
                <field name="date_start" eval="(DateTime.today() + relativedelta(years=1)).strftime('%Y-08-01 %H:%M')"/>
                <field name="date_stop" eval="(DateTime.today() + relativedelta(years=1)).strftime('%Y-08-31 %H:%M')"/>
       </record>
       <record id="demo_academic_month_next_9" model="academic.month">
                <field name="name">September</field>
                <field name="code">SEP</field>
                <field name="year_id" ref="school.demo_academic_year_3"/>
                <field name="date_start" eval="(DateTime.today() + relativedelta(years=1)).strftime('%Y-09-01 %H:%M')"/>
                <field name="date_stop" eval="(DateTime.today() + relativedelta(years=1)).strftime('%Y-09-30 %H:%M')"/>
       </record>
       <record id="demo_academic_month_next_10" model="academic.month">
                <field name="name">October</field>
                <field name="code">OCT</field>
                <field name="year_id" ref="school.demo_academic_year_3"/>
                <field name="date_start" eval="(DateTime.today() + relativedelta(years=1)).strftime('%Y-10-01 %H:%M')"/>
                <field name="date_stop" eval="(DateTime.today() + relativedelta(years=1)).strftime('%Y-10-31 %H:%M')"/>
       </record>
       <record id="demo_academic_month_next_11" model="academic.month">
                <field name="name">November</field>
                <field name="code">NOV</field>
                <field name="year_id" ref="school.demo_academic_year_3"/>
                <field name="date_start" eval="(DateTime.today() + relativedelta(years=1)).strftime('%Y-11-01 %H:%M')"/>
                <field name="date_stop" eval="(DateTime.today() + relativedelta(years=1)).strftime('%Y-11-30 %H:%M')"/>
       </record>
       <record id="demo_academic_month_next_12" model="academic.month">
                <field name="name">December</field>
                <field name="code">DEC</field>
                <field name="year_id" ref="school.demo_academic_year_3"/>
                <field name="date_start" eval="(DateTime.today() + relativedelta(years=1)).strftime('%Y-12-01 %H:%M')"/>
                <field name="date_stop" eval="(DateTime.today() + relativedelta(years=1)).strftime('%Y-12-31 %H:%M')"/>
       </record>

       <!--Standard Information-->
       <record id="demo_standard_standard_1" model="standard.standard">
              <field name="name">10th</field>
              <field name="code">FRT</field>
              <field name="sequence">1</field>
       </record>
       <record id="demo_standard_standard_2" model="standard.standard">
              <field name="name">11th</field>
              <field name="code">SCN</field>
              <field name="sequence">2</field>
       </record>
       <record id="demo_standard_standard_3" model="standard.standard">
              <field name="name">12th</field>
              <field name="code">THR</field>
              <field name="sequence">3</field>
        </record>

        <!--Standard Medium Information-->
        
        <record id="demo_standard_medium_1" model="standard.medium">
            <field name="name">English</field>
            <field name="code">ENG</field>
            <field name="sequence">1</field>
        </record>

        <record id="demo_standard_medium_2" model="standard.medium">
            <field name="name">French</field>
            <field name="code">FRENCH</field>
            <field name="sequence">2</field>
        </record>

        <record id="demo_standard_medium_3" model="standard.medium">
            <field name="name">Urdu</field>
            <field name="code">URDU</field>
            <field name="sequence">3</field>
        </record>

        <!--Standard Division Information-->
        
        <record id="demo_standard_division_1" model="standard.division">
            <field name="name">A</field>
            <field name="code">A</field>
            <field name="sequence">1</field>
        </record>

        <record id="demo_standard_division_2" model="standard.division">
            <field name="name">B</field>
            <field name="code">B</field>
            <field name="sequence">2</field>
        </record>

        <!-- School Standard -->
        <record id="demo_school_standard_1" model="school.standard">
            <field name="standard_id" ref="demo_standard_standard_1"/>
            <field name="division_id" ref="demo_standard_division_1"/>
            <field name="medium_id" ref="demo_standard_medium_1"/>
            <field name="school_id" ref="demo_school_1"/>
        </record>
        <record id="demo_school_standard_2" model="school.standard">
            <field name="standard_id" ref="demo_standard_standard_2"/>
            <field name="division_id" ref="demo_standard_division_2"/>
            <field name="medium_id" ref="demo_standard_medium_2"/>
            <field name="school_id" ref="demo_school_2"/>
        </record>
        <record id="demo_school_standard_3" model="school.standard">
            <field name="standard_id" ref="demo_standard_standard_3"/>
            <field name="division_id" ref="demo_standard_division_1"/>
            <field name="medium_id" ref="demo_standard_medium_3"/>
            <field name="school_id" ref="demo_school_3"/>
        </record>
                    
        

        <!--Subject Information-->
        
        <record id="demo_subject_subject_1" model="subject.subject">
            <field name="name">Maths</field>
            <field name="code">MAT</field>
            <field name="maximum_marks">100</field>
        </record>

        <record id="demo_subject_subject_2" model="subject.subject">
            <field name="name">Science</field>
            <field name="code">SCN</field>
            <field name="maximum_marks">100</field>
        </record>

        <record id="demo_subject_subject_3" model="subject.subject">
            <field name="name">English</field>
            <field name="code">ENG</field>
            <field name="maximum_marks">100</field>
        </record>

        <record id="demo_subject_subject_4" model="subject.subject">
            <field name="name">Social Science</field>
            <field name="code">SOS</field>
            <field name="maximum_marks">100</field>
        </record>

        <record id="demo_subject_subject_5" model="subject.subject">
            <field name="name">Computer</field>
            <field name="code">CMP</field>
            <field name="maximum_marks">100</field>
        </record>

        <record id="demo_subject_subject_6" model="subject.subject">
            <field name="name">Sport</field>
            <field name="code">PET</field>
            <field name="maximum_marks">100</field>
        </record>

        <!--  Subject elective -->
        <record id="demo_elective_subject_1" model="subject.elective">
            <field name="name">Sanskrit</field>
        </record>
        <record id="demo_elective_subject_2" model="subject.elective">
            <field name="name">Computer</field>
        </record>
        <record id="demo_elective_subject_3" model="subject.elective">
            <field name="name">Sport</field>
        </record>
        <record id="demo_elective_subject_4" model="subject.elective">
            <field name="name">Music</field>
        </record>
        
        <!-- Student Informations -->
  
          <record id="demo_student_student_1" model="student.student">
            <field name="name">Mary</field>
            <field name="middle">Daniel</field>
            <field name="last">Richardson</field>
            <field name="state">done</field>
            <field name="year" ref="demo_academic_year_1"/>
            <field name="pid">2011/07</field>
            <field name="date_of_birth">03/04/1996</field>
            <field name="gender">female</field>
            <field name="roll_no">1</field>
            <field name="school_id" ref="demo_school_1"/>
            <field name="standard_id" ref="demo_standard_standard_1"/>
            <field name="division_id" ref="demo_standard_division_1"/>
            <field name="medium_id" ref="demo_standard_medium_1"/>
        </record>
        <record id="demo_student_student_2" model="student.student">
            <field name="name">William</field>
            <field name="middle">Joseph</field>
            <field name="last">Lee</field>
            <field name="state">done</field>
            <field name="year" ref="demo_academic_year_2"/>
            <field name="pid">2012/08</field>
            <field name="date_of_birth">02/14/1995</field>
            <field name="gender">male</field>
            <field name="roll_no">1</field>
            <field name="school_id" ref="demo_school_2"/>
            <field name="standard_id" ref="demo_standard_standard_2"/>
            <field name="division_id" ref="demo_standard_division_2"/>
            <field name="medium_id" ref="demo_standard_medium_2"/>
        </record>
        <record id="demo_student_student_3" model="student.student">
            <field name="name">Jacob</field>
            <field name="middle">Caleb</field>
            <field name="last">Clark</field>
            <field name="state">done</field>
            <field name="year" ref="demo_academic_year_1"/>
            <field name="pid">2013/09</field>
            <field name="date_of_birth">09/24/1997</field>
            <field name="gender">male</field>
            <field name="roll_no">1</field>
            <field name="school_id" ref="demo_school_3"/>
            <field name="standard_id" ref="demo_standard_standard_3"/>
            <field name="division_id" ref="demo_standard_division_2"/>
            <field name="medium_id" ref="demo_standard_medium_3"/>
        </record>
        <record id="demo_student_student_4" model="student.student">
            <field name="name">Maria</field>
            <field name="middle">Samuel</field>
            <field name="last">Snell</field>
            <field name="state">done</field>
            <field name="year" ref="demo_academic_year_3"/>
            <field name="pid">2013/10</field>
            <field name="date_of_birth">05/26/1996</field>
            <field name="gender">female</field>
            <field name="roll_no">2</field>
            <field name="school_id" ref="demo_school_1"/>
            <field name="standard_id" ref="demo_standard_standard_1"/>
            <field name="division_id" ref="demo_standard_division_1"/>
            <field name="medium_id" ref="demo_standard_medium_1"/>
        </record>
        <record id="demo_student_student_5" model="student.student">
            <field name="name">John</field>
            <field name="middle">William</field>
            <field name="last">Smith</field>
            <field name="state">done</field>
            <field name="year" ref="demo_academic_year_1"/>
            <field name="pid">2011/12</field>
            <field name="date_of_birth">03/24/1995</field>
            <field name="gender">male</field>
            <field name="roll_no">2</field>
            <field name="school_id" ref="demo_school_2"/>
            <field name="standard_id" ref="demo_standard_standard_2"/>
            <field name="division_id" ref="demo_standard_division_2"/>
            <field name="medium_id" ref="demo_standard_medium_2"/>
        </record>
        <record id="demo_student_student_6" model="student.student">
            <field name="name">Alexander</field>
            <field name="middle">Robert</field>
            <field name="last">Martin</field>
            <field name="state">done</field>
            <field name="year" ref="demo_academic_year_2"/>
            <field name="pid">2012/11</field>
            <field name="date_of_birth">05/12/1998</field>
            <field name="gender">male</field>
            <field name="roll_no">2</field>
            <field name="school_id" ref="demo_school_3"/>
            <field name="standard_id" ref="demo_standard_standard_3"/>
            <field name="division_id" ref="demo_standard_division_1"/>
            <field name="medium_id" ref="demo_standard_medium_3"/>
        </record>
        <record id="demo_student_student_7" model="student.student">
            <field name="name">Sarah</field>
            <field name="middle">Isaac</field>
            <field name="last">Elmer</field>
            <field name="state">done</field>
            <field name="year" ref="demo_academic_year_2"/>
            <field name="pid">2012/1</field>
            <field name="date_of_birth">06/02/1996</field>
            <field name="gender">female</field>
            <field name="roll_no">3</field>
            <field name="school_id" ref="demo_school_1"/>
            <field name="standard_id" ref="demo_standard_standard_1"/>
            <field name="division_id" ref="demo_standard_division_1"/>
            <field name="medium_id" ref="demo_standard_medium_1"/>
        </record>
        <record id="demo_student_student_8" model="student.student">
            <field name="name">Lucy</field>
            <field name="middle">William</field>
            <field name="last">Brown</field>
            <field name="state">done</field>
            <field name="year" ref="demo_academic_year_3"/>
            <field name="pid">2013/2</field>
            <field name="date_of_birth">06/06/1995</field>
            <field name="gender">female</field>
            <field name="roll_no">3</field>
            <field name="school_id" ref="demo_school_2"/>
            <field name="standard_id" ref="demo_standard_standard_2"/>
            <field name="division_id" ref="demo_standard_division_2"/>
            <field name="medium_id" ref="demo_standard_medium_2"/>
        </record>
                                
        
        <!-- Student cast -->
        <record id="demo_student_cast_1" model="student.cast">
            <field name="name">Hindu</field>
        </record>
        <record id="demo_student_cast_2" model="student.cast">
            <field name="name">Muslim</field>
        </record>
        <record id="demo_student_cast_3" model="student.cast">
            <field name="name">Christian</field>
        </record>
        <record id="demo_student_cast_4" model="student.cast">
            <field name="name">Panjabi</field>
        </record>
        <record id="demo_student_cast_5" model="student.cast">
            <field name="name">Parsi</field>
        </record>
         
        <!-- Student Document Type --> 
        <record id="demo_student_document_1" model="document.type">
            <field name="doc_type">SSC Marksheet</field>
        </record>
        <record id="demo_student_document_2" model="document.type">
            <field name="doc_type">HSC Marksheet</field>
        </record>
        <record id="demo_student_document_3" model="document.type">
            <field name="doc_type">Gradution Marksheet</field>
        </record>
        <record id="demo_student_document_4" model="document.type">
            <field name="doc_type">Degree certificate</field>
        </record>
        <record id="demo_student_document_5" model="document.type">
            <field name="doc_type">Leving Certificate</field>
        </record>
        <record id="demo_student_document_6" model="document.type">
            <field name="doc_type">Cast certificate</field>
        </record>
        <record id="demo_student_document_7" model="document.type">
            <field name="doc_type">Other certificate</field>
        </record>
        
        <!-- student.news -->
        <record id="demo_student_news_desc_1" model="student.news">
            <field name="subject">Education Information</field>
            <field name="date">2013-07-15</field>
        </record> 
  </data>
</openerp>
