<?xml version="1.0" encoding="utf-8"?>
<openerp>
<data>

    <!-- General structure of a workflow XML file -->
    <record model="workflow" id="wkf_library">
        <field name="name">workflow.library</field>
        <field name="osv">library.book.issue</field>
        <field name="on_create">True</field>
    </record>

    <!-- Library book issue Workflow Activities -->
    <record model="workflow.activity" id="act_draft">
        <field name="wkf_id" ref="wkf_library"/>
        <field name="name">Draft</field>
        <field name="kind">function</field>
        <field name="action">draft_book()</field>
        <field name="flow_start">True</field>
    </record>
    
    <record model="workflow.activity" id="act_cancel">
        <field name="wkf_id" ref="wkf_library"/>
        <field name="name">Cancel</field>
        <field name="kind">function</field>
        <field name="action">cancel_book()</field>
    </record>

    <record model="workflow.activity" id="act_issue">
        <field name="wkf_id" ref="wkf_library"/>
        <field name="name">Issue</field>
         <field name="kind">function</field>
         <field name="action">issue_book()</field>
    </record>
    
    <record model="workflow.activity" id="act_reissue">
        <field name="wkf_id" ref="wkf_library"/>
        <field name="name">Reissue</field>
         <field name="kind">function</field>
         <field name="action">reissue_book()</field>
    </record>

    <record model="workflow.activity" id="act_return">
        <field name="wkf_id" ref="wkf_library"/>
        <field name="name">Return</field>
         <field name="kind">function</field>
         <field name="action">return_book()</field>
    </record>

    <record model="workflow.activity" id="act_lost">
        <field name="wkf_id" ref="wkf_library"/>
        <field name="name">Lost</field>
        <field name="kind">function</field>
        <field name="action">lost_book()</field>
    </record>
    
    <record model="workflow.activity" id="act_fine">
        <field name="wkf_id" ref="wkf_library"/>
        <field name="name">Fine</field>
        <field name="kind">function</field>
        <field name="action">write({'state':'fine'})</field>
        <field name="flow_stop">True</field>
    </record>
</data>
</openerp>
