name, categ_id
"PHYSIQUE I MECANIQUE + CD","Livre"
"L'ORGANISATION DE L'ESPACE MONDIAL","Livre"
"TAAL VITAAL - TEKSTBOEK","Livre"
"DAS NEUE DEUTSCHMOBIL 2 LEHRBUCH","Livre"
"ARGUMENT 4 ANALYST.MEETKUNDE RUIMTEMEETKUNDE 1","Livre"
"ANALYSIS LEISTUNGSKURS. GESAMTAUSGABE 73965","Livre"
"REKENBOOG 6B LEERLINGENBOEK","Livre"
"TAAL VITAAL NEDERLANDS VOOR BEGINNERS - TEKSTBOEK","Livre"
"HISTOIRE-GEOGRAPHIE CLASSE DE 6E","Livre"
"GENTE 1 NUEVA ED. LIBRO DE TRAB.Y RESUMEN GRAM.","Livre"
"A STREETCAR NAMED DESIRE","Livre"
"LATIN 4 ED.2006","Livre"
"JE LIS SEUL ...CM1 FICHES DE LECTURE-épuisé!!!","Livre"
"PHILOSOPHIE TERMINALES L-ES-S","Livre"
"AN INTRODUCTION TO POLITICAL PHILOSOPHY","Livre"
"ENJOY THE RECORDER.","Livre"
"ZEIT DER FREUDE SEKUNDARSTUFE 1 JAHRGANGSSTUFE 5/6","Livre"
"EENVOUDIGE BASISGRAMMATICA","Livre"
"J'ECRIS SEUL, TU ECRIS SEUL","Livre"
"LENGUA CASTELLANA 1 PRIMARIA CUADERNO PRIMER TRIM.","Livre"
"EQUIPO PRAGMA. ESTO FUNCIONA B. LIBRO DE","Livre"
"COMPREHENSION TO 14","Livre"
"RELIGION IN DER GRUNDSCHULE 1","Livre"
"NIEUW TOPNIVEAU HAVO/VWO INFORMATIEBOEK","Livre"
"LATIN 5e (EDITION 1997!!!)","Livre"
"THE CONFIDENTIAL AGENT","Livre"
"LEREN OP MAAT STUDIEVAARDIGHEDEN HAVO-VWO DEEL 1","Livre"
"STOCHASTIK LEISTUNGSKURS","Livre"
"GEOGRAPHIE TLE L-ES-S","Livre"
"HELP 2! HELPT U MIJ EVEN ?","Livre"
"DE DONKERE KAMER VAN DAMOCLES - HERMANS","Livre"
"LES ORIENTALES - LP N°16059","Livre"
"SYSTEMATISCHE NATUURKUNDE N1 VW01","Livre"
"SYSTEMATISCHE NATUURKUNDE N1 VW02","Livre"
"GENIAL A2 GLOSSARY GERMAN-ENGLISH","Livre"
"DOORBRAK LEERWERKBOEK DEEL A","Livre"
"THE ADVENTURES OF TOM SAWYER","Livre"
"BIOLOGY 1 CAMBRIDGE ADVANCED SCIENCE","Livre"
"BLICK 1 LEHRSBUCH","Livre"
"FUNDAMENTE USA/KANADA","Livre"
"DAS NEUE DEUTSCHMOBIL FUR KIND ARBEITSBUCH BAND 2","Livre"
"THE GREAT POWERS 1814-1914","Livre"
"HISTOIRE 1ère-épuisé!!!","Livre"
"GENTE 3 LIBRO DEL ALUMNO","Livre"
"BRAVE NEW WORLD","Livre"
"FORMULA CUADERNO DE ACTIVIDADES 1- epuise!!!","Livre"
"OP NIVEAU PLUS BASISBOEK 2 HAVO/VWO","Livre"
"CURSO DE LATIN DE CAMBRIDGE  UNIDAD III B","Livre"
"MATHE:GUT! MATHEMATIK AUFGABENSAMMLUNG 5","Livre"
"THE CURIOUS INCIDENT OF THE DOG IN THE NIGHT-TIME","Livre"
"ASPEKTE DER LITERATUR. LIT. ARBEITSBUCH","Livre"
"DE REGELS VAN HET NEDERLANDS THEORIE NVELLE ED.","Livre"
"CHEMISTRY IN CONTEXT 5TH EDITION","Livre"
"DE GROTE VRAGEN","Livre"
"DE METSIERS","Livre"
"LOLLIPOP SCHREIBLEHRGANG B LA","Livre"
"GENTE JOVEN 2 LIBRO DEL ALUMNO + CD","Livre"
"BLICK 1 ARBEITSBUCH","Livre"
"PUSTEBLUME 4 SPRACHBUCH","Livre"
"TRAMPOLINE 2 LIVRE DE L'ELEVE","Livre"
"BETER NEDERLANDS","Livre"
"ENTDECKE DIE WELT DER BIBEL","Livre"
"MAPSTART 4- épuisé!!!!!","Livre"
"BOULE DE SUIF ET AUTRES HISTOIRES DE GUERRE","Livre"
"TAALDADEN, HAVO EDITIE","Livre"
"GEOGRAPHIE PREMIERE","Livre"
"VEN-3, LIBRO DEL ALUMNO","Livre"
"HISTOIRE-GEOGRAPHIE 5E","Livre"
"THE TEMPEST","Livre"
"LATEINISCH DEUTSCHES WORTERBUCH","Livre"
"EXERCICES DE GRAMMAIRE EN CONTEXTE-NIVEAU DEBUTANT","Livre"
"GEOGRAPHIE 2e","Livre"
"GRAMMAIRE ET EXPRESSION 5E","Livre"
"TERRA GEOGRAPHIE 7/8 GYMNASIUM","Livre"
"HISTOIRE-GEOGRAPHIE 5e","Livre"
"NV NEDERLANDS 1 WERKBOEK","Livre"
"GEOGRAPHIE 2E","Livre"
"ABANICO, LIBRO DEL ALUMNO","Livre"
"VEILIG LEREN LEZEN LEES BOEKJE 11","Livre"
"LECTURE SILENCIEUSE CE2 16 DOSSIERS DOCUMENTAIRES","Livre"
"BASISGRAMATICA","Livre"
"ECONOMICS : A COMPLETE COURSE","Livre"
"ETHIK 5/6","Livre"
"PORTUGUES XXI-2 CADERNO DE EXERCICIOS","Livre"
"DAS NEUE DEUTSCHMOBIL 2 WÖRTERHEFT","Livre"
"DE REGELS VAN HET NEDERLANDS-GRAMM. WERKBOEK","Livre"
"CIDER WITH ROSIE","Livre"
"TAAL VITAAL - WERKBOEK","Livre"
"EQUIPO PRAGMA, ESTO FUNCIONA B","Livre"
"LESEN DARSTELLEN BEGREIFEN A6","Livre"
"LESEN DARSTELLEN BEGREIFEN A8","Livre"
"LESEN DARSTELLEN BEGREIFEN A9","Livre"
"ADVANCED BIOLOGY","Livre"
"PHYSIK 2 - épuisé!!!","Livre"
"PRAKTISCH HANDBOEK - SCHRIJVEN ZONDER FOUTEN","Livre"
"DAS NEUE DEUTSCHMOBIL WÖRTERHEFT BAND 2","Livre"
"HISTOIRE-GEOGRAPHIE 6ème","Livre"
"LA LINGUA ITALIANA PER STRANIERI CORSO MEDIO","Livre"
"L'UNION EUROPEENNE EN FICHES","Livre"
"LESEN DARSTELLEN BEGLEITHEFT GRAMMATIK","Livre"
"ROMA 1 -GODEN EN MENSEN TEKSTBOEK 2de druk","Livre"
"APPRENDRE L'ORTHOGRAPHE 2","Livre"
"FANTASIA SONHO OU REALIDADE","Livre"
"DIE SUCHE, BAND 2, TEXTBUCH 2","Livre"
"MITEINANDER TEXT-UND ARBEITSBUCH BAND 2","Livre"
"LE FRANCAIS POUR CHACUN-GRAMMAIRE INTERACTIVE","Livre"
"GESCHICHTSBUCH 4 (NEUE AUSGABE)","Livre"
"LATIN GRAMMAR","Livre"
"ONDER IJSBERGEN","Livre"
"OIKOUME 1","Livre"
"BAUSTEINE FIBEL 2003","Livre"
"ZEIT DER FREUDE JAHRGANGSSTUFE 5/6","Livre"
"DEUTSCH AKTIV NEU 1A LEHRBUCH","Livre"
"THE ORIGINS OF HUMAN KIND 2nd. ED","Livre"
"FREQUENCE JEUNE 3 - MANUEL","Livre"
"GETAL EN RUIMTE 5/6-A3 - PAS PARU","Livre"
"GRAMMAIRE PROGRESSIVE NIVEAU DEBUTANT-épuisé!!","Livre"
"ZIN IN TAAL - TAALMAATJE C GROEP 6","Livre"
"SYSTEMATISCHE NATUURKUNDE N2 VW01","Livre"
"SYSTEMATISCHE NATUURKUNDE N2 VW02","Livre"
"LE MOYEN AGE ET LE XVIE SIECLE","Livre"
"DEUTSCH KONKRET ARBEITSBUCH 3","Livre"
"DEUTSCH KONKRET ARBEITSBUCH 2","Livre"
"BIOLOGIE HEUTE 2G SCHROEDEL","Livre"
"GRAMMAIRE-350 EXERCICES-NIVEAU SUP.1","Livre"
"TANDEM DOEBOEK 1+CD-ROM","Livre"
"CHEMIE HEUTE SEK. II","Livre"
"DE LIJSTERBIJ 3 GROEP 7/8","Livre"
"I SPY LEVEL 1 ACTIVITY BOOK","Livre"
"MATEMATICAS 1 PRIMARIA CUADERNO 1ER TRIMESTRE","Livre"
"ADVANCED GEOGRAPHY","Livre"
"ANDA TERMINALES","Livre"
"SEESAW XYZ BOOK","Livre"
"BIOLOGIA 8° ANO","Livre"
"L'EXPRESSION FRANCAISE ECRITE ET ORALE","Livre"
"DE NEDERLANDSE POEZIE VAN DE 19-20EEUW-épuisé!","Livre"
"UM DIA DIFERENTE","Livre"
"WERKSTRUCTUREN IN DE NATUUR","Livre"
"THEO. JUNIOR. ENCYCLOPEDIE CATHOLIQUE DES JEUNES","Livre"
"GETAL EN RUIMTE. DEEL 1HV1/WERKSCHRIFT","Livre"
"DE DONKERE KAMER VAN DAMOKLES","Livre"
"PHYSICS-2ND ED.2002","Livre"
"VERSTEHEN UND GESTALTEN B 8","Livre"
"ATONEMENT","Livre"
"ANDANZAS DE DON QUIJOTE Y SANCHO","Livre"
"MANON LESCAUT","Livre"
"SPLASH! - ACTIVITY BOOK 3","Livre"
"THE COLD WAR","Livre"
"STOCHASTIK GRUNDKURS","Livre"
"TEKST VERWERKEN VTL TEKSTBOEK GROEP 5","Livre"
"ARGUMENT 4 ALGEBRA MEETKUNDE DRIEHOEKSMETING","Livre"
"SPLASH 1 ACTIVITY","Livre"
"LATIN 4e (édition 1997!!)","Livre"
"DAS NEUE DEUTSCHMOBIL 2 ARBEITSBUCH","Livre"
"THE NEW WIDER WORLD-2nd ed.","Livre"
"ARGUMENT 4 ALGEBRA 1","Livre"
"PORTUGUES XXI 1 LIVRO DO ALUNO","Livre"
"TWEEDE RONDE OEFENBOEK","Livre"
"RELATO DE NAUFRAGO","Livre"
"DIERCKE ERDKUNDE 7","Livre"
"DIERCKE ERDKUNDE 6","Livre"
"DAS NEUE DEUTSCHMOBIL 2 ARBEITSCHBUCH","Livre"
"HISTOIRE-GEOGRAPHIE 4E","Livre"
"PHYSIK 1 FEUERLEIN, NAPFEL, SCHAFLEIN-épuisé!!!!","Livre"
"PHYSICS MATTERS","Livre"
"TEXTO COLLEGE 4E LE FRANCAIS EN SEQUENCES","Livre"
"TAAL VITAAL NEDERLANDS VOOR BEGINNERS - WERKBOEK","Livre"
"IMPACT RED 3","Livre"
"IMPACT RED 2","Livre"
"IMPACT RED 1","Livre"
"HISTOIRE-GEOGRAPHIE 4e","Livre"
"TAAL TOTAAL - WERKBOEK","Livre"
"DAS NEUE DEUTSCHMOBIL BAND 1 FUR KIND ARBEITSBUCH","Livre"
"TEXTE, THEMEN UND STRUKTUREN GRUNDBUCH","Livre"
"AGO EXERCICES DE GRAMMAIRE NEERLANDAISE II","Livre"
"OP NIEUW NIVEAU BASISBOEK 2 HV","Livre"
"LITERATUURGESCHIEDENIS EN LEESDOSSIER HANDBOEK","Livre"
"NATURA II","Livre"
"THE CATCHER IN THE RYE","Livre"
"THEMEN NEU 2 ARBEITSBUCH","Livre"
"LUX 1 LATIN PREMIERE ANNEE","Livre"
"LOLLIPOP SCHREIBLEHRGANG B","Livre"
"LEVEND NEDERLANDS 3 + EXERCICES","Livre"
"KUNST DES 20 JAHRHUNDERTS","Livre"
"GETAL EN RUIMTE 1 VWO 2","Livre"
"USO DE LA GRAMATICA ESPANOLA NIVEL AVANZADO","Livre"
"USO DE LA GRAMMATICA ESPANOLA. ELEMENTAL","Livre"
"GESCHICHTSBUCH 1 NEUE AUSGABE","Livre"
"20th CENTURY HISTORY : THE WORLD SINCE 1900","Livre"
"LEESTIJD 1-épuisé!!!!","Livre"
"CURSO DE LATIN DE CAMBRIDGE UNIDAD IV A","Livre"
"SCHRIJVENDERWIJS LAATSTE DRUK","Livre"
"A TRAVERS MOTS 5e","Livre"
"LATEINISCH-DEUTSCHES WORTERBUCH","Livre"
"UN AMOUR DE SWANN","Livre"
"SPLASH 2 PUPIL'S BOOK","Livre"
"GEOGRAPHIE SECONDE","Livre"
"RAPIDO RAPIDO CUADERNO DE EJERCICIOS","Livre"
"SCIENCES PHYSIQUES 3","Livre"
"VIVA EL ESPANOL NIVEL INICIAL","Livre"
"ANALYTISCHE GEOMETRIE","Livre"
"CHEMIE HEUTE SEK.I AUSG.1993 OST","Livre"
"DICTIONNAIRE ORTHOGRAPHIQUE LE GRAND EUREKA","Livre"
"GENTE JOVEN 2 LIBRO DE TRAB.Y RES.GRAM.","Livre"
"PLANET 2 ARBEITSBUCH","Livre"
"TWENTIETH CENTURY HISTORY : THE WORLD SINCE 1900","Livre"
"ANALYSIS ZWEI, GRUNDKURS","Livre"
"ARGUMENT 3 HANDBOEK MEETKUNDE","Livre"
"JUSTINE ET COMPAGNIE CP ELEVE 1","Livre"
"DTV ATLAS ZUR WELTGESCHICHTE BD2","Livre"
"LE NOUVEAU SANS FRONTIERE 1 EXERCICES","Livre"
"BLICK 2 LEHRBUCH","Livre"
"GENTE JOVEN 1 CUADERNO DE EJERCICIOS","Livre"
"NEW SNAPSHOT ELEMENTARY LANGUAGE BOOSTER","Livre"
"DASDA BD.1 ARBEITSBUCH","Livre"
"I SPY LEVEL 2 ACTIVITY BOOK","Livre"
"ORGANISCHE CHEMIE","Livre"
"GENIAL B1 KURSBUCH","Livre"
"BIOLOGY FOR YOU-NATIONAL CURRICULUM ED. FOR GCSE","Livre"
"MASTERS OF THE SHORT STORY","Livre"
"NUSSKNACKER UBUNGSHEFT","Livre"
"EQUIPO PRAGMA, PARA EMPEZAR B","Livre"
"TANDEM 1 DOEBOEK+CD","Livre"
"LOVE ONE ANOTHER","Livre"
"LENGUA CASTELLANA 1 PRIMARIA  - 2 VOLUMES","Livre"
"SMP INTERACT FOR GCSE MATHEMATICS HIGHER LEVEL","Livre"
"ENGLISH PREP BOOK 2 SO YOU REALLY WANT","Livre"
"DIE SUCHE 1","Livre"
"LOLLIPOP SPRACH - SACHBUCH 2","Livre"
"LAMBACHER SCHWEIZER. BAND 9","Livre"
"BIEN JOUE 1 - CAHIER D'ACTIVITES (BLEU)","Livre"
"SUENA 1 LIBRO DEL ALUMNO","Livre"
"DEUTSCH AKTIV NEU 1 A LEHRBUCH","Livre"
"KINGFISHER BOOKS OF MYTHS & LEGENDS","Livre"
"SCIENCES SOCIALES","Livre"
"HISTOIRE GEOGRAPHIE 5EME","Livre"
"BIEN JOUE 3 LIVRE DE L'ELEVE","Livre"
"ABANICO. CURSO AVANZADO ESPANOL LENGUA EXTRANJERA","Livre"
"L'ILE AUX MOTS-TOUT LE FRANCAIS AU CM2 CYCLE 3","Livre"
"FELIX DAS LATEINBUCH","Livre"
"TEMPO 2 CAHIER D'EXERCICES","Livre"
"DE UITVRETER, TITAANTJES, DICHTERTJE, MENE TEKEL","Livre"
"GEOGENIE 1 & 2 HANDBOEK 1STE GRAAD","Livre"
"NEDERLANDSE LITERATUUR - epuise!!!","Livre"
"TANDEM DOEBOEK 1 + cd","Livre"
"WIRTSCHAFT UND RECHTS LEHRE","Livre"
"THE REPUBLIC","Livre"
"TAAL TOTAAL WERKBOEK","Livre"
"NOUVEAU TESTAMENT TOB","Livre"
"THE PHILOSOPHY GYM-25 SHORT ADVENTURES IN THINKING","Livre"
"1000 MOTS POUR REUSSIR FRANCAIS 2 TERM","Livre"
"ADVANCED CHEMISTRY","Livre"
"ZEICHEN DER JAHRGANGSSTUFE 9/10","Livre"
"VEN 1 LIBRO DEL ALUMNO","Livre"
"SCIENCES ECONOMIQUES ET SOCIALES 1","Livre"
"DEVELOPMENT AND UNDERDEVELOPMENT","Livre"
"LABYRINTHS-SELECTED STORIES AND OTHER WRITINGS","Livre"
"L'ART AU XXè SIECLE","Livre"
"GETAL EN RUIMTE 1 VWO DEEL 2","Livre"
"ROMA I GODEN EN MENSEN TEKSTBOEK","Livre"
"Repères grammaticaux 1-2","Livre"
"PÖNS WÖRTERBUCH FÜR SCHULE UND STUDIUM LATEIN","Livre"
"OXFORD READING TREE. LEVELS 1-6","Livre"
"CONTACT NOORD 1, LEERBOEK","Livre"
"NIEUW TOPNIVEAU 5-6 VWO VERWERKINGSBOEK","Livre"
"INVITATION AU LATIN 5E","Livre"
"USO DE LA GRAMATICA ESPANOLA (NIVEL AVANZADO)","Livre"
"THE POWER AND THE GLORY","Livre"
"ADO 3 METHODE DE FRANCAIS","Livre"
"L'ILE AUX MOTS CM1","Livre"
"HISTOIRE GEOGRAPHIE 4e EDITION 2002","Livre"
"JUSTINE ET CIE CE1 CYCLE 2 ELEVE","Livre"
"SOWIESO GLOSSARE EFI SP","Livre"
"LUX 1 LE LATIN EN 1RE ANNEE","Livre"
"LINE BY LINE-HOW TO IMPROVE YOUR OWN WRITING","Livre"
"ENJOY THE RECORDER DESCANT TUTOR BOOK 1","Livre"
"POSTCARDS FROM NO MAN'S LAND","Livre"
"THE NEW WIDER WORLD","Livre"
"IL ETAIT UNE PETITE GRENOUILLE - ECRIT. 2","Livre"
"SCIENCES DE LA VIE ET DE LA TERRE-TERM S-SPECIALIT","Livre"
"UNDERSTANDING PURE MATHEMATICS","Livre"
"LAMBACHER SCHWEIZER BAND 10","Livre"
"MAKING HISTORY-WORLD HIST.FROM 1914 TO THE PRESENT","Livre"
"SUPER ME 2 CLASS BOOK","Livre"
"USO DE LA GRAMATICA AVANZADO","Livre"
"HISTOIRE. CLASSE DE 1ère","Livre"
"THE MIDDLE AGES","Livre"
"NATURA III","Livre"
"IMPACT MATHS 3R","Livre"
"KLIPPER 3 VAARBOEK","Livre"
"PASSION DE DIEU PASSION DE L'HOMME 3E","Livre"
"LOLLIPOP MATHEMATIK ARBEITSHEFT 2","Livre"
"MIDDELINK, SYSTEMATISCHE NATUURKUNDE V.W.O","Livre"
"HISTOIRE-GEOGRAPHIE","Livre"
"BINAS TABELLENBOEK","Livre"
"BIOLOGIA. VOLUME 2","Livre"
"CONFESSIONS  FOLIO","Livre"
"BIOLOGIE HEUTE S II (1988)","Livre"
"OSTIA ALTERA I TEILBAND 1.1 TEXTE UND UBUNGEN","Livre"
"GRAMMAIRE 350 EXERCICES NIV.SUP.1","Livre"
"THE HUMAN FACTOR","Livre"
"SUPER ME 1 CLASS BOOK","Livre"
"STANLAKE'S INTRODUCTORY ECONOMICS","Livre"
"GETAL EN RUIMTE. DEEL 2 HV 2","Livre"
"SNAPSHOT STARTER STUDENT'S BOOK","Livre"
"PHILOSOPHIE TERMINALE L - EPUISE!!!!","Livre"
"BIEN JOUE 3 CAHIER D'EXERCICES","Livre"
"THE ANCIENT WORLD (SECOND EDITION)","Livre"
"MULTI-LIVRE CAHIER D'EXERCICE CE1","Livre"
"DEUTSCH AKTIV NEU 1C LEHRBUCH","Livre"
"CROCOLIVRE CP LIVRE 2 ED.2004","Livre"
"LA NOUVELLE BALLE AUX MOTS CE2","Livre"
"DER FALSCHE VERDACHT","Livre"
"WELT DER ZAHL 2003 SCHULERBAND 1","Livre"
"SLEUTELS 1 VMBO/HAVO/U","Livre"
"PAPIERTIGER SPRACHLESEBUCH","Livre"
"ELEMENTE CHEMIE II","Livre"
"TAALSCHAT-OEFENBOEK","Livre"
"DEUTSCH AKTIV NEU 1 A ARBEITSBUCH","Livre"
"SPLASH ! PUPIL'S BOOK 2","Livre"
"SPLASH ! PUPIL'S BOOK 3","Livre"
"SPLASH ! PUPIL'S BOOK 1","Livre"
"PRISMA C1 CONSOLIDA LIBRO DEL ALUMNO","Livre"
"PRISMA A2 CONTINUA LIBRO DE EJERCICIOS","Livre"
"DIE SUCHE 1 ARBEITSBUCH","Livre"
"SOWIESO 3 ARBEITSBUCH","Livre"
"ATLAS ZUR WELTGESCHICHTE BAND 2","Livre"
"A MAN FOR ALL SEASONS","Livre"
"WORLD CLUB 2 STUDENT'S BOOK","Livre"
"ABANICO, CURSO AVANZ.DE ESPANOL LIBRO DEL ALUMNO","Livre"
"PETER UND PETRA 2","Livre"
"KLASSE 11","Livre"
"LOLLIPOP SCHREIBLEHRGANG A","Livre"
"FELIX - DAS LATEINBUCH","Livre"
"GETAL EN RUIMTE DEEL 3V WERKSCHRIFT-épuisé!!!!","Livre"
"BLICK, BAND 1. LEHRBUCH","Livre"
"THE N°1 LADIES DETECTIVE AGENCY","Livre"
"ABANICO AVANZADO LIBRO DEL ALUMNO","Livre"
"VEN 1 LIBRO DE ALUMNO","Livre"
"BLACK BOY","Livre"
"BAUSTEINE FIBEL AUSG NRW","Livre"
"LATIN COURSE BOOK 4","Livre"
"ZIN IN TAAL TAALBOEK A2 (BELGIE)","Livre"
"DE KROONGETUIGE","Livre"
"ZEICHEN DER HOFFNUNG 9/10","Livre"
"LE PETIT ATLAS CHARLIER","Livre"
"HISTOIRE GEOGRAPHIE 6e - DERNIERE EDITION","Livre"
"ACTIMATH 1 MANUEL","Livre"
"ABANICO. CUADERNO DE EJERCICIOS","Livre"
"PRISMA B1 PROGESA LIBRO DE EJERCICIOS","Livre"
"GEOGRAPHIE 2e AVRIL 2001","Livre"
"BAUSTEINE LESEBUCH 3","Livre"
"HELP 1","Livre"
"FORMULA LIBRO DEL ESTUDIANTE 1 - epuise!!!","Livre"
"HISTOIRE CYCLE 3","Livre"
"STUDIEPAKKET 6 COMBINATIELEER-STATISTIEK-KANSREKEN","Livre"
"L'ART AU XXE SIECLE","Livre"
"OSTIA ALTERA II.TEILBAND 2.2 CURSUS GRAM.LESEBOKAB","Livre"
"HISTORY IN THE MAKING","Livre"
"GOED NEDERLANDS 2 mhv - introuvable!!!","Livre"
"EINDBLICKE IN DIE PHYSIK UND CHEMIE 7/8","Livre"
"NIEUWE TALRIJK 2","Livre"
"REPERAGES 2 MANUEL","Livre"
"A MENINA DO MAR","Livre"
"FARBE BEKENNEN 12","Livre"
"BANAS DEEL1 VMBO-KGT-HAVO-VWO","Livre"
"MOMENT MAL LEHRBUCH 2","Livre"
"PHYSIQUE II ELECTRICITE ET MAGNETISME + CD","Livre"
"DAS NEUE DEUTSCHMOBIL BD3 ARBEITSBUCH","Livre"
"VITAAL NEDERLANDS COMPENDIUM TWEEDE GRAAD","Livre"
"IN TOUCH 1 WORKBOOK + CD","Livre"
"DRACULA OXFORD PLAYSCRIPTS","Livre"
"ANNO 3","Livre"
"ANNO 1","Livre"
"ZO SPEL JE ZOO VADEMECUM","Livre"
"ANNO 4","Livre"
"PRAKTISCH HANDBOEK - SCRIJVEN ZONDER FOUTEN","Livre"
"NIEUW TOPNIVEAU VERWERKINGSBOEK 4 VWO","Livre"
"NATUURKUNDE EN SCHEIKUNDE 3 HV SUPPL.NU VOOR STRAK","Livre"
"UNTERWEGS KURSBUCH","Livre"
"DOMWEG GELUKKIG IN DE DAPPERSTRAAT","Livre"
"NEW HOTLINE INTERMEDIATE WORKBOOK (GREEN)","Livre"
"NIEUW NETWERK 3A WERKBOEK","Livre"
"CAMPUS 4 CAHIER D'EXERCICES","Livre"
"3 HV LEERBOEK NATUURKUNDE EN SCHEIKUNDE","Livre"
"FACT FINDERS","Livre"
"TATOU LE MATOU CD ELEVE NIVEAU 1","Livre"
"MODERN WORLD HISTORY 2ND EDITION","Livre"
"HISTOIRE ET GEOGRAPHIE CLASSE DE 6ème","Livre"
"HISTOIRE TERMINALE EDITION 1993","Livre"
"WELT DER ZAHL - SCHULERBUCH 4","Livre"
"THE NEW WIDER WORLD - 2ND EDITION","Livre"
"WEGE DES GLAUBENS. JAHRGANGSSTUFE 7/8","Livre"
"HALLO DA BIN ICH - SCHULERBUCH 1","Livre"
"OIKUMENE 4","Livre"
"OIKUMENE 2","Livre"
"BIOLOGY FOR LIFE","Livre"
"L'EUROPE DES EUROPEENS FOLIO ACTUEL 1997","Livre"
"CONTACT NOORD 2, LEERBOEK","Livre"
"A SENSE OF HISTORY. THE ROMAN EMPIRE","Livre"
"ANALYTISCHE GEOMETRIE (LS) LEISTUNGSKURS","Livre"
"PHYSIQUE TERMINALE S EDITION 2002","Livre"
"FELIX DAS LATEINBUCH AUSGABE A","Livre"
"SELECTED POETRY","Livre"
"GEOGRAPHIE 2e -13/5050/3","Livre"
"ANNO 2","Livre"
"HOW ARE WE TO LIVE ?","Livre"
"BONJOUR LINE - CAHIER No 1","Livre"
"GOED BEGREPEN WERKBOEK WOORDKENNIS VOOR DE BASIS-","Livre"
"NORTH AMERICA IN FOCUS","Livre"
"GOED BEGREPEN","Livre"
"GESCHICHTE UND GESCHEHEN 4","Livre"
"GESCHICHTE UND GESCHEHEN 3","Livre"
"HISTOIRE - GEOGRAPHIE 4","Livre"
"THE COLD WAR CAMBRIDGE PERSPECTIVE IN HISTORY","Livre"
"GENIAL A2 KURSBUCH","Livre"
"LAROUSSE SUPERMAJOR 9/12 ANS","Livre"
"MATHEMATIK SEKUNDARSTUFE II ANALYTISCHE GEOMETRIE","Livre"
"STOCHASTIK GRUNDKURS (LS)","Livre"
"GETAL EN RUIMTE VWO A/B DEEL 2","Livre"
"HELP 2 HELPT U MIJ EVEN ?","Livre"
"JUST WILLIAM","Livre"
"USO DE LA GRAMATICA ESPANOLA INTERMEDIO","Livre"
"EUROPE 1890-1990-épuisé!!!","Livre"
"KING OF SHADOWS","Livre"
"HOLES","Livre"
"USO DE GRAMATICA ESPANOLA NIVEL INTERMEDIO","Livre"
"ZIN IN TAAL WERKB.SPELLING C","Livre"
"PHYSIQUE CHIMIE 3E","Livre"
"PHYSICS FOR YOU - REVISED NATIONAL CURRICULUM","Livre"
"NIEUW TOPNIVEAU 4 INFORMATIEBOEK","Livre"
"THE CANTERBURY TALES","Livre"
"PRISMA COMIENZA A1 LIBRO DE EJERCICIOS","Livre"
"L'ILE AUX MOTS TOUT LE FRANCAIS AU CM1 CYCLE 3","Livre"
"VAN BASIS TOT LIMIET WERKBOEK MEETKUNDE","Livre"
"BLOW UP AND OTHER STORIES","Livre"
"DEUTSCH AKTIV NEU 1C ARBEITSBUCH","Livre"
"BLICK 2 ARBEITSBUCH","Livre"
"THE WIND IN THE WILLOWS","Livre"
"STERWOORDENBOEK WOLTERS : FRANS-NEDERLANDS","Livre"
"HIGHER GCSE MATHEMATICS-REVISION AND PRACTICE","Livre"
"GENERAL PROLOGUE TO THE CANTERBURY TALES","Livre"
"REKENBLAD OFFICE 2000","Livre"
"ANTHOLOGIE 2E/1RE TEXTE ET PARCOURS EN FR.ET EN EU","Livre"
"SOWIESO. KURSBUCH 3","Livre"
"SOWIESO. KURSBUCH 2","Livre"
"TERRA GEO GYMNASIUM NIEDERSACHSEN UND BREMEN 7/8","Livre"
"THE THWARTING OF BARON BOLLIGREW","Livre"
"USO DE LA GRAMATICA ESPANOLA AVANZADO","Livre"
"POPULATION, RESOURCES AND DEVELOPMENT","Livre"
"SPLASH 2 PUPIL'S BOOK 2","Livre"
"ISSUES IN THE NEW EUROPE","Livre"
"MOBILE 2 SPRACHBUCH - DRUCKSCHRIFT AUSGABE 2.KL","Livre"
"BLICK BAND 2 LEHRBUCH","Livre"
"DEUTSCH AKTIV NEU 1B LEHRBUCH","Livre"
"EXTRA 3 CAHIER D'EXERCICES","Livre"
"GOED GESPELD","Livre"
"GETAL EN RUIMTE-DEEL 5/6 VB2-PAS PARU","Livre"
"PHILOSOPHY THE CLASSICS","Livre"
"TERRA GEOGRAPHIE 7/8","Livre"
"GENRE","Livre"
"RAPIDO, CURSO INT.DE ESP.CUADERNO DE EJER","Livre"
"TYP TOP VANDAAG PLUS LEERWERKBOEK+CD","Livre"
"PULS FYSIK","Livre"
"JUNIOR 2 METHODE DE FRANCAIS","Livre"
"LE ROBERT MICRO POCHE","Livre"
"DAS DEUTSCHMOBIL ARBEITSBUCH 3","Livre"
"DAS DEUTSCHMOBIL ARBEITSBUCH 2","Livre"
"MATHEMATIK 7","Livre"
"MATHEMATIK 6","Livre"
"MATHEMATIK 5","Livre"
"GRAMMAIRE ET EXPRESSION 6E ED.1996","Livre"
"ANALYSIS GESAMTAUSGABE (LS) LEISTUNGSKURS","Livre"
"LESEN DARSTELLEN BEGREIFEN A10","Livre"
"MATHEMATIK 9","Livre"
"MATHEMATIK 8","Livre"
"THE BEST OF SHERLOCK HOLMES","Livre"
"JUDE THE OBSCURE","Livre"
"GENTE 2 LIBRO DE TAB.Y RESUMEN GRAM.+CD NUEVA ED.","Livre"
"HELP3! ZAL IK U EVEN HELPEN? 2de DRUK","Livre"
"THE BOY WHO FELL INTO A BOOK","Livre"
"HISTOIRE-GEOGRAPHIE 4ème","Livre"
"GENTE 1 LIBRO DE TRABAJO Y RESUMEN GRAMATICAL","Livre"
"GENIAL A2 ARBEITSBUCH","Livre"
"TEKST VERWERKEN BEGRIJPEND LEZEN TEKSTBOEK 5","Livre"
"EAGLE OF THE NINTH","Livre"
"BASISGRAMMATICA","Livre"
"GRUNDSTUFEN - GRAMATIK","Livre"
"SNAPSHOT STARTER LANGUAGE BOOSTER WORKBOOK","Livre"
"TAALDADEN, HAVO EDITIE (NIEUWE UITGAVE)","Livre"
"ZIN IN TAAL - TAALBOEK D2","Livre"
"ZIN IN TAAL - TAALBOEK D1","Livre"
"TANDEM 1 DOEBOECK + CD","Livre"
"BIO-SKOOP 1","Livre"
"STAIRWAY TO ENGLISH 1 WORKBOOK","Livre"
"LESEN DARSTELLEN BEGREIFEN A 10","Livre"
"HISTORY IN THE MAKING : EARLY MODERN WORLD","Livre"
"MENUET","Livre"
"STERWOORDENBOEK WOLTERS : ENGELS/NL-NL/ENGELS","Livre"
"L'ATELIER DE LECTURE CAHIER D'ENTRAINEMENT CE2","Livre"
"DEUTSCH AKTIV NEU 1A ARBEITSBUCH","Livre"
"PRISMA A1 COMIENZA LIBRO EJERCICIOS","Livre"
"DIRECTE TOEGANG TOT NEDERLANDS TEKSTBOEK","Livre"
"DONDE ESTA LA MARQUESA ?","Livre"
"GEOGRAPHIE DE L'EUROPE DES 12","Livre"
"SUENA 1 CUADERNO DE EJERCICIOS","Livre"
"EINDRUCKE EINBLICKE, ARBEITSBUCH","Livre"
"D.T.V. ATLAS ZUR WELTGESCHICHTE BAND 2","Livre"
"NEW HOTLINE ELEMENTARY STUDENT'S BOOK","Livre"
"GESCHICHTSBUCH 1. NEUE AUSGABE","Livre"
"OXFORD ADVANCED LEARNER'S DICTIONARY","Livre"
"LUSOFONIA AVANCADO EXERCICIOS","Livre"
"CAMPUS 3 CAHIER D'EXERCICES","Livre"
"JIGSAW TWO, ACTIVITY BOOK","Livre"
"BAUSTEINE UBUNGSHEFT 3","Livre"
"LESEN DARSTELLEN BEGREIFEN ARBEITSHEFT A8","Livre"
"DAS DEUTSCHMOBIL 2 ARBEITSBUCH","Livre"
"SUENA 2 LIBRO DE ALUMNO","Livre"
"SUPER ME 1 FUN BOOK","Livre"
"FARBE BEKENNEN. 12","Livre"
"RAPIDO, LIBRO DEL ALUMNO","Livre"
"THE LIFE OF GRAHAM GREENE VOL.1","Livre"
"WPP 1.3 RUIMTEMEETKUNDE GRAFIEKEN","Livre"
"HELP 3 ZAL IK U EVEN HELPEN ?","Livre"
"DE GEO WERKBOEK 2 HAVO/VWO","Livre"
"FUNDAMENTE EUROPA","Livre"
"GESCHICHTE UND GESCHEHEN-NEUBEARBEITUNG SCHULERB 2","Livre"
"CHEMIE HEUTE SEKUNDARSTUFE I","Livre"
"GEOGRAPHY: AN INTEGRATED APPROACH - 2e édition","Livre"
"STERWOORDENBOEK WOLTERS ESP-NED/NED-ESP","Livre"
"LOLLIPOP LESEBUCH 3","Livre"
"LOLLIPOP LESEBUCH 2","Livre"
"RELIGION 4","Livre"
"AVANCE, CURSO DE ESPANOL INTERMEDIO","Livre"
"EXTRA 3 METHODE","Livre"
"OP NIEUW NIVEAU 1  BASISBOEK","Livre"
"THE IMPORTANCE OF BEING EARNEST","Livre"
"TEXTUUR HAVO BOVENBOUW","Livre"
"RAPIDO, CURSO INT. DE ESP. LIBRO DEL ALUMNO","Livre"
"CHEMIE HEUTE SEK. 1","Livre"
"YO, TU, TODOS NOSOSTROS - CUADERNOS DE EDUCACION M","Livre"
"DICTIONNAIRE LATIN FRANCAIS LE GRAND GAFFIOT","Livre"
"HISTOIRE-GEOGRAPHIE. CLASSE DE 6ème","Livre"
"OIKOUMENE 3","Livre"
"CAFE-CREME 2 CAHIER D'EXERCICES","Livre"
"STERWOORDENBOEK WOLTERS DE-NL NL-DE","Livre"
"VAN DALE BASISWOORDENBOEK VAN DE","Livre"
"VEILIG LEREN LEZEN LEES BOEKJE 12","Livre"
"SUPER GAFI CP CAHIER EXERCICES 2","Livre"
"SUPER GAFI CP CAHIER EXERCICES 1","Livre"
"RELATO DE UN NAUFRAGO","Livre"
"DEUTSCHBUCH 5 SPRACH UND LESEBUCH","Livre"
"HISTOIRE : TERMINALES","Livre"
"BLICK 1 ARBEITSBUCH 1","Livre"
"EQUIPO PRAGMA. ESTO FUNCIONA B","Livre"
"EQUIPO PRAGMA. ESTO FUNCIONA A","Livre"
"DE LEVENDE MATERIE","Livre"
"KURSBUCH RELIGION ELEMENTAR 7/8","Livre"
"L'EUROPE EN FICHES-5E EDITION","Livre"
"LES CHEMINS DE LA PENSEE","Livre"
"GESCHICHTSBUCH 3 NEUE AUSGABE","Livre"
"KURSBUCH RELIGION ELEMENTAR 5/6","Livre"
"LAMBACHER - SCHWEIZER 7 BEST NR.73137","Livre"
"LATIN 3EME COLLECTION J GAILLIARD","Livre"
"POUR COMPRENDRE LES MATHEMATIQUES CE2","Livre"
"NEW COMPLETE GEOGRAPHY WORKBOOK","Livre"
"USO DE LA GRAMMATICA ESPANOLA. AVANZADO","Livre"
"VOCABULAIRE PROGRESSIF DU FRANCAIS - INTERMEDIAIRE","Livre"
"THE SCARLET LETTER","Livre"
"THE MODERN WORLD 1914-1980  - épuisé!!!","Livre"
"EXERCICES DE STYLE-FOLIO N°1363","Livre"
"MITEINANDER TEXT-UND ARBEITSBUCH BAND 1","Livre"
"DAS NEUE DEUTSCHMOBIL BD3 LEHRBUCH","Livre"
"ZUGANGE ZUR PHILOSOPHIE. GRUNDBAND FUR DIE","Livre"
"LOLLIPOP SCHREIBLEHRGANG A LA","Livre"
"WESTERN EUROPE - épuisé!!","Livre"
"CHIMIE 5e/6e","Livre"
"HALLO, DA BIN ICH! SCHULERBUCH 1","Livre"
"SOWIESO ARBEITSBUCH 2","Livre"
"RAPIDO, CUADERNO DE EJERCICIOS","Livre"
"JUSTINE ET COMPAGNIE CP EXERCICES 2","Livre"
"JUSTINE ET COMPAGNIE CP EXERCICES 1","Livre"
"ZIN IN TAAL TAALMAATJE A (BELGIE)","Livre"
"MATHS IN ACTION 4B","Livre"
"HELP 3 ! ZAL IK U EVEN HELPEN?","Livre"
"LE ROMAN","Livre"
"ECONOMICS: A COMPLETE COURSE","Livre"
"ALGEBRA AND NUMBER SYSTEMS","Livre"
"PARLARE, LEGGERE, SCRIVERE","Livre"
"PLANET 3 ARBEITSBUCH","Livre"
"JUNIOR 4 METHODE DE FRANCAIS","Livre"
"USO DE LA GRAMATICA ESPANOLA","Livre"
"DE GEO WERKBLOK 1 HAVO/VWO","Livre"
"RAPIDO. CURSO INTENSIVO DE ESPANOL","Livre"
"PASSWORT DEUTSCH 1 KURS-UND UBUNGSBUCH ED.DEUTSCH","Livre"
"HISTORISCHE ATLAS","Livre"
"AVANCE BASICO-INTERMEDIO","Livre"
"VEILIG EN VLOT KERN 10-12","Livre"
"PRISMA CUADERNO DE EJERCICIOS B1","Livre"
"FINDEFIX WÖRTERBUCH FÜR DIE GRUNDSCHULE","Livre"
"DAS DEUTSCHMOBIL. ARBEITSBUCH 3","Livre"
"DAS NEUE DEUTSCHMOBIL - LEHRBUCH 2","Livre"
"ARTHUR 4","Livre"
"PHYSIQUE III ONDES OPTIQUES ET PHYSIQUE MOD.+CD","Livre"
"ARTHUR 3","Livre"
"LEHR-UND UBUNGSBUCH DER DEUTSCHEN GRAMMATIK","Livre"
"PRISMA B1 PROGESA LIBRO DEL ALUMNO","Livre"
"TREASURE ISLAND","Livre"
"PRISMA A1 COMIENZA LIBRO DE EJERCICIOS","Livre"
"GENTE 2 LIBRO DEL ALUMNO","Livre"
"GRAMMAIRE-350 EXERCICES-NIV.SUP.1","Livre"
"SEESAW SONGBOOK","Livre"
"350 EXERCICES DE GRAMMAIRE NIVEAU SUPERIEUR 2","Livre"
"CORE MATHS FOR ADVANCED LEVEL - 3RD EDITION","Livre"
"WELT DER ZAHL 1 AUSG.2003","Livre"
"EXERCICES DE GRAMMAIRE EN CONTEXTE-NIVEAU INTERMED","Livre"
"CHIMIE 5E","Livre"
"CRACKS EN MATHS FICHIER APPRENTISSAGE 3","Livre"
"PRISMA B2 AVANZA LIBRO DE EJERCICIOS","Livre"
"SINTESIS","Livre"
"DE GEO LESBOEK 1 HAVO/VWO","Livre"
"HISTOIRE-GEOGRAPHIE 5eme EDITION 2005","Livre"
"A PASSAGE TO INDIA","Livre"
"CONTACT NOORD 3, OEFENBOEK","Livre"
"ROMA II MENSEN EN MACHT TAALBOEK","Livre"
"GRUNDSTUFEN-GRAMMATIK","Livre"
"PINGPONG BAND 1, ARBEITSBUCH WIRD FORTGESETZET","Livre"
"TRANSMATH TERMINALE S","Livre"
"CHEMISTRY FOR HIGHER TIER-NEW COORDINATED SCIENCE","Livre"
"ELE, CURSO DE ESP. EXTR. CUADERNO DE EJER.","Livre"
"FROM GENESIS TO GENETICS","Livre"
"PANORAMA 3 - EXERCICES","Livre"
"LE ROI SE MEURT FOLIO N°361","Livre"
"PHYSICS MATTERS 3rd ED.","Livre"
"ARGUMENT 1 MEETKUNDE WERKBOEK","Livre"
"SUENA 1. CUADERNO DE EJERCICIOS","Livre"
"WERKBOEK DEEL1 HAVO-VWO 2 vol.","Livre"
"WHAT DOES IT ALL MEAN ?","Livre"
"BLICK, BAND 2, ARBEITSBUCH","Livre"
"TALKING IN WHISPERS - EPUISE!!!!!","Livre"
"DE NEDERLANDSE POEZIE VAN DE 19 EN 20eeuw-épuisé!","Livre"
"THE RATTLE BAG","Livre"
"GENTE 1 LIBRO DE TRAB.Y RESUMEN GRAM.NUEVA ED.","Livre"
"THE NEW WIDER WORLD-SECOND EDITION","Livre"
"350 EXERCICES DE GRAMMAIRE. NIVEAU MOYEN","Livre"
"VIETNAM 1939-1975","Livre"
"HISTOIRE GEOGRAPHIE CLASSE DE 4E EDITION 2002","Livre"
"EXTRA 2 METHODE","Livre"
"PHYSIK GESAMTBAND SEKUNDARSTUFE I","Livre"
"COMPLETE GEOGRAPHY","Livre"
"TEN THEORIES OF HUMAN NATURE","Livre"
"FRANCAIS - LA PETITE ENCYCLOPEDIE LYCEE","Livre"
"HISTOIRE 1RE L-ES","Livre"
"GENIAL A1 ARBEITSBUCH","Livre"
"ANALYSIS LEISTUNGSKURS","Livre"
"HISTOIRE, TERMINALE","Livre"
"SPLASH 1 PUPIL","Livre"
"BIOLOGIE HEUTE 2G.(7-10)","Livre"
"LATIN COURSE: BOOK III - 4th edition","Livre"
"LERNBOX-GEOGRAPHIE METHODENBUCH","Livre"
"GENTE 2 LIBRO DE TRABAJO Y RESUMEN GRAM.+ CD","Livre"
"SOCIOLOGY IN PRACTICE","Livre"
"NIEUW NETWERK NEDERLANDS 4 LEERBOEK","Livre"
"L'IMMORALISTE FOLIO N°229","Livre"
"LITTERATURE ET EXPRESSION 6E ED.1996","Livre"
"HISTOIRE TERMINALES LIVRE DU PROFESSEUR","Livre"
"EQUIPO PRAGMA PARA EMPEZAR B","Livre"
"LUX 2 LATIN 2E ANNEE","Livre"
"DAS NEUE DEUTSCHMOBIL LEHRBUCH 3","Livre"
"DAS NEUE DEUTSCHMOBIL LEHRBUCH 2","Livre"
"DAS NEUE DEUTSCHMOBIL LEHRBUCH 1","Livre"
"TWEEDE RONDE TEKSTBOEK + 2CD + CD-ROM","Livre"
"FICHIER DE SCIENCES ECONOMIQUES ET SOCIALES 1e ES","Livre"
"ARGUMENT 2 MEETKUNDE WERKBOEK","Livre"
"STERWOORDENBOEK ESP-NEDERL NEDERL-ESP","Livre"
"WESTERMANN ERDKUNDE 8","Livre"
"THE GREAT POWERS","Livre"
"NIEUW TOPNIVEAU VERWERKINGSBOEK","Livre"
"BAUSTEINE UBUNGSHEFT 2 LATEINISCHE AUSGANGSSCHRIFT","Livre"
"PHYSIK OBERSTUFE GESAMTBAND 12/13","Livre"
"PHOENIX 3 HANDBOEK","Livre"
"DEUTSCH KONKRET 3 ARBEITSBUCH","Livre"
"CAMBRIDGE ENGLISH FOR SCHOOL 2 WORKBOOK","Livre"
"STP NATIONAL CURRICULUM MATHEMATICS 11 A","Livre"
"NELSON HANDWRITING-NEW NELSON BOOKS A & B","Livre"
"LITTERATURE PROGRESSIVE NIVEAU INTERMEDIAIRE","Livre"
"OSTIA ALTERA II LATEINISCHES UNTERR.TEILBAND 2.1","Livre"
"ECONOMICS, A COMPLETE COURSE ed.III","Livre"
"STOCHASTIK LEISTUNGSKURS NR 02511-0","Livre"
"EXTRA 2 METHODE DE FRANCAIS","Livre"
"ZIN IN TAAL DE LIJSTERBIJ 2 (BELGIE)","Livre"
"MATHEMATICAL METHODS 2ND EDITION","Livre"
"3 HV SUPPLEMENT NATUURKUNDE","Livre"
"SPLASH 3 ACTIVITY BOOK","Livre"
"GEOGRAPHICAL ISSUES IN THE SOVIET UNION","Livre"
"L'AVENTURE AMBIGUE 10/18 N° 617","Livre"
"MODERN ART IMPRESSIONISM TO POST MODERNISM","Livre"
"COLD WAR EUROPE 1945-1989","Livre"
"GESCHICHTE 4. NEUE AUSGABE","Livre"
"HISTOIRE SECONDE","Livre"
"NEW UNDERSTANDING SCIENCE 3 - épuisé!!!!","Livre"
"ABANICO CURSO AVANZADO DE ELE CUADERNO","Livre"
"SUENA 2. ESPANOL LENGUA EXTR.LIBRO DEL ALUMNO","Livre"
"LERNBOX. GEOGRAPHIE METHODENBUCH","Livre"
"FELIX DAS BEGLEITBUCH","Livre"
"OP NIEUW NIVEAU 3VWO BASISBOEK","Livre"
"PRISMA A2 CONTINUA LIBRI DEL ALUMNO","Livre"
"PORTUGUES XXI 2.LIVRO DO ALUNO","Livre"
"FRANCAIS LA PETITE ENCYCLOPEDIE LYCEE","Livre"
"DAS NEUE DEUTSCHMOBIL 2 - ARBEITSBUCH","Livre"
"CROCOLIVRE LECTURE CP/CE1 FICHIER 3","Livre"
"ABANICO, LIBRE DEL ALUMNO","Livre"
"PHYSIK OBERSTUFE MS","Livre"
"BESCHERELLE LA CONJUGACION ESPANOLA","Livre"
"BLICK, BAND 1, LEHRBUCH","Livre"
"EINDRUCKE - EINBLICKE TEXTBUCH","Livre"
"EINBLICKE PHYSIK UND CHEMIE","Livre"
"ART OF THE 20TH CENTURY-SPECIAL EDITION","Livre"
"ABANICO. CURSO AVANZADO DE ESPANOL LENGUA EXTRANJE","Livre"
"LOLLIPOP ARBEITSHEFT","Livre"
"RAPIDO RAPIDO LIBRO DEL ALUMNO","Livre"
"GESCHICHTSBUCH 3. NEUE AUSGABE","Livre"
"LENGUA CASTELLANA 1 PRIM.CUADERNO 2E TRIMESTRE","Livre"
"LITERATUUR GESCHIEDENIS...HANDBOEK","Livre"
"BRUCKENKURS DAF ALS FREMDSPR.FUR MITTELSTUFE ARBEI","Livre"
"ECONOMICS. A COMPLETE COURSE","Livre"
"HISTOIRE 1ère ES.LS","Livre"
"HELP 3 ! ZAL IK U EVEN HELPEN ?","Livre"
"KONZEPTE 1 ARBEITSBUCH","Livre"
"BAUSTEINE FIBEL ARBEITSBLATTER","Livre"
"GENIAL A2 GLOSSARY ENGLISH","Livre"
"HISTOIRE 1RE ES-L-S","Livre"
"ZUGANGE ZUR PHILOSOPHIE","Livre"
"BIO SKOOP 3/1 WERKBLADEN","Livre"
"350 EXERCICES NIVEAU SUPERIEUR 1","Livre"
"PHOENIX GRAMMATICA","Livre"
"DAS DEUTSCHMOBIL 3 WÖRTERHEFT","Livre"
"PLANET 3 KURSBUCH","Livre"
"PINGPONG BAND 1 ARBEITSBUCH","Livre"
"CONTOS EXEMPLARES","Livre"
"INDIGO DEEL 1 HAVO/VWO INFORMATIEBOEK","Livre"
"CHEMIE HEUTE SEKUNDARSTUFE II","Livre"
"PREMIERS EXERCICES DE GRAMMAIRE JUNIOR","Livre"
"PINGPONG BAND 1, LEHRBUCH WIRD FORTGESETZET","Livre"
"GESCHICHTE POLITIK UND GESGUSCHAFT 2","Livre"
"TASCHENWÖRTERBUCH DEUTSCH ALS FR.","Livre"
"RAPIDO INTENSIVO CUADERNO DE EJERCICIOS","Livre"
"GRAMMAIRE PROGRESSIVE NIVEAU DEBUTANT","Livre"
"A PORTEE DE MOTS CM2","Livre"
"PUTZGER: HISTORISCHER WELtATLAS","Livre"
"BEKNOPT LATIJNS WOORDENBOEK","Livre"
"PHOENIX 1 WERKBOEK","Livre"
"DICTIONNAIRE JUNIOR 8-12 ANS CE-CM ENCYCLOPEDIQUE","Livre"
"BLICK, BAND 2 ARBEITSBUCH","Livre"
"ARGUMENT 2 MEETKUNDE LEERBOEK","Livre"
"LOLLIPOP ARBEITSHEFT SACHE 3","Livre"
"BAUSTEINE SPRACHBUCH 3","Livre"
"ECONOMICS-A COMPLETE COURSE 3E ED.","Livre"
"HISTOIRE TERMINALES 1998","Livre"
"ABANICO CURSO AV.DE ELE CUADERNO DE EJ.","Livre"
"SCIENCES DE LA VIE ET DE LA TERRE TERMINALE S","Livre"
"CAMPUS 3 CAHIER EXERCICES","Livre"
"SLEUTELOOG","Livre"
"LA GUERRE DES GAULES 1ET2 BILINGUE-EPUISE!!!!!","Livre"
"STERWOORDENBOEK WOLTERS ENGELS-NL/","Livre"
"THE EARLY MODERN AGE. SECOND EDITION","Livre"
"PUSTEBLUME SCHULERBUCH 2. KL","Livre"
"I SPY LEVEL 4 COURSE BOOK","Livre"
"PRECIS DE GEOGRAPHIE - REPERES PRATIQUES","Livre"
"CORSO DI CHIMICA MODERNA","Livre"
"NV NEDERLANDS 1 TEKSTBOEK","Livre"
"CHIMIE TERMINALE S","Livre"
"EM-UBUGSGRAMMATIK-DEUTSCH ALS FREMDSPRACHE","Livre"
"DE UITVRETER-TITAANTJES-DICHTERTJE-MENE TEKEL","Livre"
"HISTOIRE GEOGRAPHIE 5","Livre"
"LEZEN LAS GELEZEN 1","Livre"
"CROCOLIVRE FICHIER ELEVE CP/CE1","Livre"
"L'ANE D'OR  COLL.FOLIO","Livre"
"WEGE DES GLAUBENS - JAHRGANGSSTUFEN 7/8","Livre"
"ZIN IN TAAL - TAALBOEK B1","Livre"
"PHYSICS MATTERS 3RD EDITION","Livre"
"ZIN IN TAAL - TAALBOEK B2","Livre"
"CAMPUS 3 LIVRE","Livre"
"PRISMA PROGRESA NIVEL B1","Livre"
"LE NOUVEAU FIL DES MOTS, LIVRE D'EXERCICES 3","Livre"
"TERRA 5/6 ERDKUNDE GYMNASIUM HESSEN","Livre"
"ZEICHEN DER HOFFNUNG 9/10-RELIGION SEKUNDARSTUFE I","Livre"
"ZIG ZAG ISLAND CLASSBOOK","Livre"
"TANDEM DOEBOEK 1 + CD","Livre"
"GENIAL A2 GLOSSARE ENGLISCH","Livre"
"MATEMATICAS 1 PRIMARIA CUADERNO 2E TRIMESTRE","Livre"
"LE NOUVEAU SANS FRONTIERES 1 LIVRE","Livre"
"DELTA T 3 3U WERKBOEK DEEL B","Livre"
"ATLAS OF THE WORLD","Livre"
"PHYSICS","Livre"
"TWENTIETH CENTURY HISTORY","Livre"
"USO DE LA GRAMATICA ESPANOLA. ELEMENTAL","Livre"
"ANALYSIS GESAMTAUSGABE (LS) GRUNDKURS","Livre"
"HOPSCOTCH","Livre"
"TAAL VITAAL TEKSTBOEK","Livre"
"SPLASH! ACTIVITY BOOK 3","Livre"
"CHEMIE IN UBERSICHT","Livre"
"WOLTER'S ALGEMENE WERELDATLAS","Livre"
"SOWIESO 3 - GLOSSARE EFI","Livre"
"PHYSIQUE 11 AUSGABE C","Livre"
"THE BIBLE. OLD AND NEW TESTAMENTS","Livre"
"WORLD CLUB 2 ACTIVITY BOOK","Livre"
"MATEMATICAS C.O.U. II.","Livre"
"SUENA 2 LIBRO DEL ALUMNO","Livre"
"DAS ZAHLENBUCH ALLGEMEINE AUSGABE 2.KL","Livre"
"GENTE 3 LIBRO DEL ALUMNO + CD NUEVA ED.","Livre"
"WHY THE WALES CAME","Livre"
"NATURALEZA NOVA - 7° E.G.B.","Livre"
"ECONOMICS-A COMPLETE COURSE ED.III","Livre"
"NOTIONS CLES DE MATHEMATIQUE AU 1ER DEGRE","Livre"
"PHYSIQUE 4E","Livre"
"DELTA T 3 3U LEERBOEK","Livre"
"VIA DELTA FILOSOFIE PRAKT.FILOSOFIE BASISBOEK","Livre"
"DEUTSCH KONKRET LEHRBUCH 2","Livre"
"GENTE 1 LIBRO DE TRABAJO Y RES.GRAM.NUEVA ED.","Livre"
"STAMBOUL TRAIN","Livre"
"BIOLOGY 2 CAMBRIDGE ADVANCED SCIENCE","Livre"
"TAAL TOTAAL TEKSTBOEK","Livre"
"PREMIERS EXERCICES DE GRAMMAIRE","Livre"
"USO DE GRAMATICA ESPANOLA NIVEL ELEMENTAL","Livre"
"NEW COMPLETE GEOGRAPHY","Livre"
"LA CORZA BLANCA","Livre"
"FISICA Y QUIMICA 4° ESO","Livre"
"ABANICO CURSO AV.DE ELE CUADERNO DE EJERCICIOS","Livre"
"UN CHEVAL EN IRLANDE","Livre"
"RUSSIA, AMERICA AND THE COLD WAR 1949-1991","Livre"
"CAHIER D'ECRITURE CP EXERCICES","Livre"
"SOWIESO, ARBEITSBUCH 1","Livre"
"STP NATIONAL CURRICULUM MATHEMATICS 7A","Livre"
"VIA DELTA FILOSOFIE THEORISCHE FILOSOFIE BASISBOEK","Livre"
"THREE MEN IN A BOAT","Livre"
"GENTE 1 LIBRO DEL ALUMNO NUEVA ED.","Livre"
"TATOU LE MATOU 2 LIVRE ELEVE","Livre"
"PAPIERTIGER ARBEITSHEFT","Livre"
"OSTIA ALTERA BAND 2.1 TEXTE UND UEBUNGERN","Livre"
"SPELLING EN DICTEE","Livre"
"STERWOORDENBOEK WOLTERS DEUTSCH-NEDERLANDS","Livre"
"OSTIA ALTERA BAND 1.2 CURSUS GRAMMATICUS","Livre"
"JUNIOR 4 CAHIER D'EXERCICES","Livre"
"BIOLOGIE HEUTE 2G","Livre"
"HISTOIRE. CLASSE DE 2ème","Livre"
"ABANICO - LIBRO DEL ALUMNO (SEGUNDA PARTE)","Livre"
"WESTERN PHILOSOPHY:AN ANTHOLOGY","Livre"
"ROMA I GODEN EN MENSEN TAALBOEK","Livre"
"BODAS DE SANGRE","Livre"
"TERRA ERDKUNDE SII 1999","Livre"
"DAS NEUE DEUTSCHMOBIL BAND 1 FUR KIND LEHRBUCH","Livre"
"SCIENCES PHYSIQUES 4E","Livre"
"BOY","Livre"
"PORTRAIT OF EUROPE MACHINES AND LIBERTY 1789-1914","Livre"
"CHIMIE 6E","Livre"
"STERWOORDENBOEK WOLTERS : ESP-NED/NED-ESP","Livre"
"EQUIPO PRAGMA ESTO FUNCIONA A  LIBRO DE EJERCICIOS","Livre"
"GESCHICHTSBUCH 2 (NEUE AUSGABE)","Livre"
"NEW HOTLINE STARTER - Workbook","Livre"
"ROMA II TAALBOEK","Livre"
"WELT DER ZAHL 1 AUSG NRW","Livre"
"ELEMENTARGRAMMATIK UND RECHTSCHREIBUNG","Livre"
"GOODNIGHT MR.TOM","Livre"
"MULTI LIVRE CP CAHIER D'EXERCICES","Livre"
"L'ILE AUX MOTS-TOUT LE FRANCAIS AU CE2","Livre"
"LESEN DARSTELLEN ARBEITSHEFT A6","Livre"
"LESEN DARSTELLEN ARBEITSHEFT A9","Livre"
"SOWIESO 3 - ARBEITSBUCH","Livre"
"ENTORNO 4 BIOLOGIA Y GEOLOGIA 4° E.S.O.","Livre"
"PRISMA B1 PROGRESA CUADERNO DE EJERCICIOS","Livre"
"WELT DER ZAHL 4","Livre"
"POUR CONNAITRE LES SCIENCES, EXERCICE 2","Livre"
"RAPIDO CUADERNO DE EJERCICIOS","Livre"
"DEVELOPMENT UND UNDERDEVELOPMENT","Livre"
"DICTIONNAIRE THEMATIQUE DU NEERLANDAIS","Livre"
"LA CONJUGACION ( LIBRO MARILLO )","Livre"
"LIRE LE LATIN 3E","Livre"
"PORTUGUES XXI 1 CADERNO DE EXERCICIOS","Livre"
"UNDERSTANDING PURE MATHS","Livre"
"USO AVANZADO","Livre"
"PHYSIQUE 5E/6E SCIENCES DE BASE","Livre"
"CRACK EN MATH 5/6 MANUEL DE FIXATION","Livre"
"GENIAL A2 GLOSSARE FRANZOSISCH","Livre"
"HISTORY OF MUSIC","Livre"
"SOWIESO KURSBUCH 2","Livre"
"PRIKKELS-BIO VOOR BASISVORMING MHV 2 WERKBLOK","Livre"
"SOWIESO KURSBUCH 1","Livre"
"VEN 2 LIBRO DEL ALUMNO","Livre"
"RAPIDO INTENSIVO LIBRO DEL ALUMNO","Livre"
"ANALYSIS ZWEI, LEISTUNGSKURS","Livre"
"NATURA II BIOLOGIE FUR GYMNASIEN","Livre"
"PHYSIQUE","Livre"
"PHILOSOPHIE TERMINALE L - EPUISE!!!!!!!","Livre"
"BLICK, BAND 2, LEHRBUCH","Livre"
"TAAL TOTAAL - TEKSTBOEK 2001","Livre"
"STARTING SCIENCE. BOOK 2","Livre"
"STARTING SCIENCE. BOOK 1","Livre"
"TEXTE, THEMEN UND STRUKTUREN-GRUNDBUCH","Livre"
"GETAL EN RUIMTE 2 VWO DEEL 1","Livre"
"ANALYSIS EINS+ZWEI","Livre"
"STERWOORDENBOEK WOLTERS ITAL-NED/NED-ITAL","Livre"
"VIA DELTA FILOSOFIE PRAKT.FILOSOFIE WERKBOEK","Livre"
"DON QUIJOTE DE LA MANCHA","Livre"
"FORMEN UND STABE","Livre"
"LENGUA CASTELLANA 1 PRIM.CUADERNO 3E TRIMESTRE","Livre"
"PULS KEMI","Livre"
"BIOLOGY FOR YOU","Livre"
"HISTOIRE TERMINALE - ES-L-S","Livre"
"ANALYSIS GRUNDKURS GESAMTAUSGABE","Livre"
"DE REGELS VAN HET NEDERLANDS","Livre"
"LITERARY SOURCEBOOK ON THE POEMS OF WB YEATS","Livre"
"THE PROBLEMS OF PHILOSOPHY","Livre"
"ESPACE MATH 5E/6E THEORIE:GEOMETRIE & COMPLEMENTS","Livre"
"LAMBACHER - SCHWEIZER 6 BEST NR.73136","Livre"
"DOORBRAAK LEERWERKBOEK A","Livre"
"A DISCOURSE OF INEQUALITY","Livre"
"GRAMATICA ACTIVA 1","Livre"
"GRAMATICA ACTIVA 2","Livre"
"RAPIDO LIBRO DEL ALUMNO","Livre"
"BESCHERELLE LA CONJUGACION","Livre"
"MENSCH UND RAUM. GEOGRAPHIE 12/13","Livre"
"PHYSIK OBERSTUFE 12/13","Livre"
"PHYSICS MATTERS (3rd edition)","Livre"
"WORLD OF SCIENCE BOOK 1","Livre"
"GETAL EN RUIMTE. DEEL 1HV1","Livre"
"DISCURSO DEL METODO","Livre"
"LOLLIPOP WORTERBUCH","Livre"
"TRIMMEN MET TAAL, STIJL EN WOORDBETEKENIS","Livre"
"HISTOIRE 1ERES","Livre"
"THE QUIET AMERICAN","Livre"
"LAMBACHER-SCHWEIZER 11","Livre"
"DEUTSCH 4","Livre"
"GETAL EN RUIMTE DEEL 3V2 LEERBOEK","Livre"
"THE MODERN WORLD 1914-1980 - épuisé!!!","Livre"
"NEW CHATTERBOX 1 ACTIVITY BOOK","Livre"
"MATEMATICAS 8° E.G.B.","Livre"
"OXFORD READING TREE-WOODPECKER'S BOOK 1-9","Livre"
"EQUIPO PRAGMA - PARA EMPEZAR B","Livre"
"TAAL VITAAL WERKBOEK","Livre"
"THEMEN NEU 2 KURSBUCH","Livre"
"BIOLOGIE HEUTE S II, (1997)","Livre"
"HISTOIRE TERMINALE - CLASSES TERMINALES","Livre"
"CAMBRIDGE LATIN ANTHOLOGY","Livre"
"PINGPONG BAND 1 LEHRBUCH","Livre"
"DASDA 1 LEHRBUCH","Livre"
"THE COLD WAR AND AFTER","Livre"
"HISTOIRE-GEOGRAPHIE 5E-ED.2005","Livre"
"POPULATION, RESOURCES AND DEVELOPMENT 2ND EDITION","Livre"
"TRIMMEN MET TAAL SPELLING EN WERKWOORDSVORMING","Livre"
"IMPACT MATHS IR (REVISED)","Livre"
"LERNBOX GEOGRAPHIE METHODENBUCH","Livre"
"DON QUIJOTE","Livre"
"IN TOUCH 1 TEXTBOEK","Livre"
"GRAMMAIRE 350 EXERCICES NIVEAU SUPERIEUR 1","Livre"
"PHYSIK 1 - épuisé!!!","Livre"
"STP NATIONAL CURRICULUM MATHEMATICS 10 A","Livre"
"FREQUENCE JEUNE 3 - CAHIER D'EXERCICES","Livre"
"TANDEM 3 OEFENBOEK + CD","Livre"
"EXTRA 3 - EXERCICES","Livre"
"HISTORIA DA LITERATURA PORTUGUESA","Livre"
"DU CONTRAT SOCIAL GF N°1058","Livre"
"PYGMALION","Livre"
"DE BASIS BOSATLAS","Livre"
"NEW TOUCHSTONES 14-16","Livre"
"PLANET 1 KURSBUCH","Livre"
"THE HEART OF THE MATTER","Livre"
"THE WIND IN THE WILLOWS - CD","Livre"
"DE NEDERLANDSE POEZIE VAN DE 19 EN 20EEUW-épuisé!","Livre"
"ASTRO-MATH 1 VOL.1A-1B-1C + BOITE OUTILS","Livre"
"STORIA 1 LEERBOEK","Livre"
"LIVING HISTORY 1","Livre"
"HISTOIRE GEOGRAPHIE 4e LIVRE DE L'ELEVE !!!!","Livre"
"LE FR.EN SEQU.TEXTOCOLLEGE 6E CAHIER D'ACTIVITES","Livre"
"THE THIRD MAN + THE FALLEN IDOL","Livre"
"SCIENCES PHYSIQUES 5E","Livre"
"LA PHILOSOPHIE COMME DEBAT ENTRE LES TEXTES","Livre"
"ABANICO AVANZADO - CUADERNO DE EJERCICIOS","Livre"
"I SPY LEVEL 4 ACTIVITY BOOK","Livre"
"UNSERE GESCHICHTE, BAND 1","Livre"
"REDDE RATIONEM ORATIONES","Livre"
"MIDDELINK SYSTEMATISCHE NATUURKUNDE V.W.O.","Livre"
"JUSTINE ET COMPAGNIE CP LIVRE ELEVE 2","Livre"
"I SPY LEVEL 2 COURSE BOOK","Livre"
"WHAT IS THIS CALLED SCIENCE ?","Livre"
"L'ART MODERNE DE L'IMPRESSIONISME AU POST-MODERNIS","Livre"
"MIDDELINK, SYSTEMATISCHE NATUURKUNDE V.W.O. DEEL A","Livre"
"DE GEO LEESBOEK 2 HAVO/VWO","Livre"
"A MIDSUMMER NIGHT'S DREAM","Livre"
"ANALYTISCHE GEOMETRIE. LEISTUNGSKURS","Livre"
"PRISMA COMIENZA A1 LIBRO DEL ALUMNO","Livre"
"ABANICO, CURSO AVANZ. LIBRO ALUMNO","Livre"
"PRISMA B1 PROGRESA LIBRO DEL ALUMNO","Livre"
"THINKING THROUGH SCIENCE 3 RED","Livre"
"BLICK, BAND 1. ARBEITSBUCH","Livre"
"ROMA I - GODEN EN MENSEN TAALBOEK - 2de druk","Livre"
"THE ELEMENTS OF STYLE","Livre"
"EL ORO DE LOS SUENOS épuisé!!!","Livre"
"LES MISERABLES-VERSION ABREGEE","Livre"
"BIOLOGIA Y GEOLOGIA 3° CURSO E.S.O","Livre"
"DICTIONNAIRE LATIN-FR DE POCHE ED.2001","Livre"
"THE THIRD WORLD","Livre"
"ARCHI M'AIDE 5 LIVRE-CAHIER B","Livre"
"VEILIG EN VLOT KERN 7-9","Livre"
"ROMEO AND JULIET","Livre"
"SPLASH ! ACTIVITY BOOK 2","Livre"
"SPLASH ! ACTIVITY BOOK 3","Livre"
"SPLASH ! ACTIVITY BOOK 1","Livre"
"SCIENCES ECONOMIQUES ET SOCIALES CLASSE DE SECONDE","Livre"
"J'ECRIS SEUL, TU ECRIS SEUL CE2 FICHES EXPR.ECRITE","Livre"
"LECTURE SILENCIEUSE CE2","Livre"
"FRANCAIS-LA PETITE ENCYCLOPEDIE LYCEE","Livre"
"LE GRAND ATLAS","Livre"
"RAPIDO CURSO INT. DE ESP. LIBRO DEL ALUMNO","Livre"
"SONS AND LOVERS","Livre"
"BIOLOGY 6TH EDITION","Livre"
"DAVID COPPERFIELD","Livre"
"IMPACT MATHS 2 R","Livre"
"VEN-1, LIBRO DE EJERCICIOS","Livre"
"DIE SCHÖNE IST ANGEKOMMEN","Livre"
"DE KLEINE BLONDE DOOD","Livre"
"BLICK 2, ARBEITSBUCH","Livre"
"DICTIONNAIRE ORTH.EUREKA POUR ECRIRE TOUT SEUL","Livre"
"ZIN IN TAAL DE LIJSTERBIJ 2 GROEP 5/6","Livre"
"WEGE FINDEN 1/2, ETHIK i.d.","Livre"
"PETIT ATLAS MONDIAL","Livre"
"NEW CHATTERBOX 1 PUPIL'S BOOK","Livre"
"TANDEM 1 LEERBOEK","Livre"
"MUCH ADO ABOUT NOTHING","Livre"
"FORMULA, LIBRO DEL ESTUDIANTE 1 - epuise!!!","Livre"
"SPLASH ACTIVITY BOOK 1","Livre"
"SPLASH ACTIVITY BOOK 2","Livre"
"THINK : A COMPELLING INTRODUCTION TO PHILOSOPHY","Livre"
"CINQ SUR CINQ  MATH 4E","Livre"
"PUSTEBLUME 4 LESEBUCH","Livre"
"BAUSTEINE SACHUNTERRICHT 1","Livre"
"SOCIOLOGY ALIVE","Livre"
"KONZEPTE 2 LEHRBUCH","Livre"
"GENIAL A2 GLOSSAIRE FRANZOSISCH","Livre"
"TATOU LE MATOU 2 CAHIER D'ACTIVITES","Livre"
"LE FRANCAIS EN SEQUENCES TEXTOCOLLEGE 6E","Livre"
"EXTRA 2 CAHIER D'EXERCICES","Livre"
"CAMBRIDGE ENGLISH FOR SCHOOL STUDENT'S BOOK 2","Livre"
"PRISMA CUADERNO DE EJERCICIOS A1","Livre"
"ATLAS DE BASE ERASME 2006","Livre"
"NOUVEL ATLAS D'HISTOIRE","Livre"
"NIEUW NETWERK 3A LEERBOEK","Livre"
"TATOU LE MATOU 1 CD AUDIO","Livre"
"NEDERLANDSE LITERATUUR, GESCHIEDENIS, BLOEMLEZING","Livre"
"SIETE TEORIAS SOBRE LA NATURALEZA","Livre"
"ELE, CURSO DE ESP. EXTR. CUADERNO DE EJER","Livre"
"TATOU LE MATOU 1 CAHIER ACTIVITE","Livre"
"CAMBRIDGE LATIN COURSE UNIT 2","Livre"
"CAMBRIDGE LATIN COURSE UNIT 1","Livre"
"NEW HODDER ENGLISH","Livre"
"HAMLET","Livre"
"ELE 1, CURSO DE ESP. EXTR. ALUMNO","Livre"
"SUENA 3 LIBRO DEL ALUMNO","Livre"
"THE PENGUIN DICTIONARY OF BIOLOGY 11th ED","Livre"
"L'ART AU XXe SIECLE","Livre"
"REVOLUTION IN FRANCE-THE ERA OF THE FRENCH REV.","Livre"
"ARCADES 1 LIVRE DE BASE","Livre"
"ABRACADALIRE METH.DE LECTURE CP MANUEL 2","Livre"
"ABRACADALIRE CP CAHIER ACTIVITES LIVRET 2","Livre"
"ABRACADALIRE CP CAHIER ACTIVITES LIVRET 1","Livre"
"THE OTHER SIDE OF TRUTH","Livre"
"OFF THE ROAD - épuisé!!!","Livre"
"CROCOLIVRE CP-CE1 LIVRE","Livre"
"L'ORGANISATION DE L'ESPACE MONDIALE","Livre"
"GENTE 3 LIBRO DE TRAB.Y RESUMEN GRAM.+ CD","Livre"
"LENGUA CASTELLANA Y LITERATURA 2002","Livre"
"THE NEW WIDER WORLD-FOUNDATION EDITION","Livre"
"ZADIG OU LA DESTINEE-BIBLIOLYCEE","Livre"
"DAS NEUE DEUTSCHMOBIL BD2 LEHRBUCH","Livre"
"NUEVO VEN 1 LIBRO DEL ALUMNO","Livre"
"NIEUW NETWERK NEDERLANDS 4 WERKBOEK","Livre"
"PINGPONG BAND 2, WIRD VOM LEHRER BESTELLT","Livre"
"SESAM ATLAS BIJ DE BIOLOGIE, DEEL 2","Livre"
"SESAM ATLAS BIJ DE BIOLOGIE, DEEL 1","Livre"
"DAS NEUE DEUTSCHMOBIL ARBEITSBUCH 3","Livre"
"L'ILE AUX MOTS-TOUT LE FR.AU CE1 CYCLE 2","Livre"
"MATEMATICAS FRACTAL 4 OPCION B","Livre"
"PULS BIOLOGI","Livre"
"TANDEM 3 OEFENBOEK + CD-ROM","Livre"
"BLICK BAND 1 ARBEITSBUCH","Livre"
"SUPER ME 2 STORY BOOK","Livre"
"PASSWORT DEUTSCH 2 KURS-UND UBUNGSBUCH ED.DEUTSCH","Livre"
"VIES DES 12 CESARS:CLAUDE&NERON BILINGUE-EPUISE!!","Livre"
"WESTERN EUROPE A SOCIAL AND ECONOMIC GEOGRAPHY","Livre"
"FICHIER DES SCIENCES ECONOMIQUES ET SOCIALES 1e ES","Livre"
"HET NIEUWE TESTAMENT POCKETEDITIE","Livre"
"SILAS MARNER","Livre"
"VOCABULAIRE ACTIF CM1 FICHES DE VOCABULAIRE","Livre"
"GENTE 2 LIBRO DEL ALUMNO + CD NUEVA ED.","Livre"
"PRISMA B2 AVANZA LIBRO DEL ALUMNO","Livre"
"GENTE 2 LIBRO DEL ALUMNO+CD  NUEVA ED.","Livre"
"GEOGRAPHIE TERMINALE DERNIERE EDITION","Livre"
"HELP 3! ZAL IK U EVEN HELPEN ?","Livre"
"PHYSIK / OBERSTUFE M.S","Livre"
"LECTURE SILENCIEUSE CM2-16 DOSSIERS DOCU","Livre"
"SCIENCES DE LA VIE & DE LA TERRE TERM S SPECIALITE","Livre"
"CROCOLIVRE LECTURE CP FICHIER 1 ED.2005","Livre"
"NEDERLANDSE LITERATUUR GESCHIEDENIS BLOEMLEZING EN","Livre"
"NV NEDERLANDS 1 WERKBOEK SPELLING/SPRAAKKUNST","Livre"
"DIERCKE-WELTATLAS","Livre"
"FARANDOLE 1- LIVRE DE L'ELEVE","Livre"
"GLOBAAL 3 LEERBOEK","Livre"
"GESCHICHTSBUCH 2. NEUE AUSGABE.","Livre"
"SCIENCES de la VIE et de la TERRE Term S","Livre"
"MATH PRATIQUE 2","Livre"
"EN AVANT MATHS CAHIER DE L'ELELVE","Livre"
"LABORATORY CHEMISTRY ADVANCED PRACTICAL CHEMISTRY","Livre"
"ADVANCED ECONOMICS THROUGH DIAGRAMS","Livre"
"LA FUGITIVE","Livre"
"RAPIDO, CURSO INT. DE ESP. CUADERNO DE EJERC","Livre"
"ECONOMICS A COMPLETE COURSE","Livre"
"FORMULA, LIBRO DEL ESTUDIANTE 2","Livre"
"FORMULA, LIBRO DEL ESTUDIANTE 3","Livre"
"BRIGHTON ROCK","Livre"
"HARD TIMES","Livre"
"HISTORIA DE UNA GAVIOTA Y DEL GATO...","Livre"
"BREVE HISTORIA DE LA FILOSOFIA","Livre"
"CONOCIMIENTO DEL MEDIO 1 PRIMARIA","Livre"
"NEW HOTLINE PRE-INTERMEDIATE STUDENT","Livre"
"101 ESPERIMENTI DI BIOLOGICA","Livre"
"TANDEM  LEERBOEK 1","Livre"
"USO DE LA GRAMATICA ESPANOLA NIVEL INTERMEDIO","Livre"
"BAUSTEINE 4 SPRACHBUCH","Livre"
"PRAKTISCH HANDBOEK. SCHRIJVEN ZONDER FOUTEN","Livre"
"GETAL EN RUIMTE VWO A/B DEEL 1-épuisé!!!!","Livre"
"GROSSWORTERBUCH DEUTSCH ALS FREMDSPRACHE","Livre"
"TEMPO 2 METHODE DE FRANCAIS","Livre"
"ABANICO - CURSO AVANZADO DE ESPANOL","Livre"
"ADITUS","Livre"
"PANORAMA 3 LIVRE ELEVE","Livre"
"JANE EYRE","Livre"
"GENTE JOVEN 1","Livre"
"THE IMPORTANCE OF BEING EARNEST AND OTHER PLAYS","Livre"
"TANDEM 4 OEFENBOEK","Livre"
"CAMBRIDGE ENGLISH FOR SCHOOL 2 STUDENT'S BOOK","Livre"
"READING FROM THE BOOKSHELF. LEVELS 2-3","Livre"
"GETAL EN RUIMTE VWO B DEEL 3","Livre"
"GETAL EN RUIMTE VWO B DEEL 4","Livre"
"LESEN DARSTELLEN ARBEITSHEFT A10","Livre"
"ANAEL, LA SORCIERE ET LE CROCODILE","Livre"
"LENGUA ESPANOLA C.O.U.","Livre"
"WESTERN EUROPE - épuisé!!!","Livre"
"DR JEKYLL AND MR HYDE","Livre"
"ECONOMICS: A COMPLETE COURSE 3rd EDITION","Livre"
"FLUO 1 CAHIER D'EXERCICES","Livre"
"CONTACT NOORD 3, LEERBOEK","Livre"
"NEW HOTLINE STARTER - STUDENT'S BOOK","Livre"
"XA-LANDO LERNEN ALS ABENTEUER 4","Livre"
"LA CUREE - POCKET N°6035","Livre"
"SUENA 1. ESPANOL LENGUA EXTRANJERA. LIBRO DEL","Livre"
"NELSON YOUR SPELLING 3","Livre"
"ARCADIA","Livre"
"PRISMA WOORDENBOEK NEDERLANDS","Livre"
"ABANICO, CURSO AV. DE ESP. EJERCICIOS","Livre"
"MATHS IN ACTION 4 B","Livre"
"CINQ SUR CINQ MATH 4E EDITION 2002","Livre"
"GETAL EN RUIMTE DEEL 5/6 VB1-PAS PARU","Livre"
"WORKING WITH SHORT STORIES","Livre"
"STP NATIONAL CURRICULUM MATHEMATICS 9A","Livre"
"I AM DAVID","Livre"
"OXFORD READING TREE","Livre"
"MATEMATICAS I BACHILLERATO LOGSE 1","Livre"
"STERWOORDENBOEK WOLTERS DE-NED/NED-DE","Livre"
"JUSTINE ET CIE CE1 CYCLE 2 EXERCICES","Livre"
"350 EXERCICES NIVEAU DEBUTANT","Livre"
"SPLASH ! - ACTIVITY BOOK 1","Livre"
"J'ECRIS LES MAJUSCULES","Livre"
"ESPACE MATH 5E/6E THEORIE:ANALYSE & TRIGONO.","Livre"
"ZIN IN TAAL SPELLING DE LIJSTERBIJ 2","Livre"
"THE DAYDREAMER","Livre"
"PASSWORT DEUTSCH 1","Livre"
"MATHEMATIK DM 9","Livre"
"ALIAS GRACE","Livre"
"NIEUW TOPNIVEAU 4 VERWERKINGSBOEK","Livre"
"GEOGRAPHIE 2EME - CLASSE DE SECONDE","Livre"
"GENIAL-KURSBUCH A1","Livre"
"ZIN IN TAAL TAALBOEK A1 (BELGIE)","Livre"
"CAMBRIDGE ENGLISH FOR SCHOOL WORKBOOK 2","Livre"
"LE NOUVEL ATELIER DE FRANCAIS CYCLE 3 CE2","Livre"
"TANDEM 1 DOEBOEK","Livre"
"DE GERUCHTEN","Livre"
"THINKING THROUGH SCIENCE BOOK 1","Livre"
"ARCHI M'AIDE 5 LIVRE-CAHIER A","Livre"
"EQUIPO PRAGMA ESTO FUNCIONA A","Livre"
"EQUIPO PRAGMA ESTO FUNCIONA B","Livre"
"THE NEW WIDER WORLD 2ND EDITION","Livre"
"TEXTO COLLEGE LE FRANCAIS EN SEQUENCES 4E","Livre"
"GEOGRAPHIE TERMINALE","Livre"
"GEOGRAPHIE: LE NOUVEAU SYSTEME MONDE TERM. ABCD","Livre"
"EQUIPO PRAGMA. ESTO FUNCIONA B.","Livre"
"EQUUS","Livre"
"GUANTANAMERAS","Livre"
"LE LIVRE DE LA BIBLE-L'ANCIEN ET LE NOUVEAU TESTAM","Livre"
"LE ROBERT JUNIOR 8-11 ANS ED.2006","Livre"
"MAKING HISTORY","Livre"
"GENIAL B1 ARBEITSBUCH","Livre"
"NATURALEZA NOVA - 6° E.G.B.","Livre"
"ZIN IN TAAL - C1 GROEP 6","Livre"
"LIRE LE LATIN 5E","Livre"
"USO  JUNIOR INICIAL","Livre"
"GENTE 1 NUEVA ED. LIBRO DEL ALUMNO","Livre"
"GEOGRAPHY AN INTEGRATED APPROACH","Livre"
"CINQ SUR CINQ MATH 6E","Livre"
"JULIUS CAESAR","Livre"
"SEYDLITZ. ERDKUNDE 2","Livre"
"LE PUMA AUX YEUX D'EMERAUDE","Livre"
"DISCOURSE ON METHOD AND THE MEDITATIONS","Livre"
"HISTORIA T3 HANDBOEK","Livre"
"OSTIA ALTERA II LAT. UNTERR. TEILBAND 2.2","Livre"
"HALLO, DA BIN ICH 1 SCHÜLERBUCH","Livre"
"ESSENTIAL MAPWORK SKILLS","Livre"
"USO DE LA GRAMATICA ESPANOLA ELEMENTAL","Livre"
"PUTZGER/HISTORISCHER WELTATLAS","Livre"
"THINKING THROUGH SCIENCE 2","Livre"
"GERONIMO LE DERNIER CHEF APACHE","Livre"
"LAMBACHER-SCHWEIZER 5 SCHULJAHR","Livre"
"LITERATUUR GESCHIEDENIS LEESDOSSIER HANDBOEK","Livre"
"RAPIDO, CURSO INT. D E ESP. CUADERNO DE EJERCI","Livre"
"DICTIONNAIRE DES SC.DE LA VIE ET TERRE-épuisé!!!","Livre"
"LOLLIPOP ARBEITSHEFT SPRACHE UND SACHE LA 2","Livre"
"EENHEID BIO VOORTPLANTING","Livre"
"LAMBACHER-SCHWEIZER 8 BW","Livre"
"ADO 2 MANUEL DE L'ELEVE","Livre"
"350 EXERCICES DE GRAMMAIRE NIVEAU MOYEN","Livre"
"HISTORY POWER AND PEOPLE 1066-1485","Livre"
"MOMENT MAL! LEHRBUCH 1","Livre"
"LEESTIJD 2 LITERATUUR VOOR DE BASISVORMING DOCENTE","Livre"
"LATEINISCH DEUTSCHES WORTERBUCH - DER KLEINE","Livre"
"MIND, LANGUAGE AND SOCIETY:PHIL.IN THE REAL WORLD","Livre"
"BIOLOGIE IN UBERSICHTEN","Livre"
"DE REGELS VAN HET NEDERLANDS-GRAMMATICA WERKBOEK","Livre"
"CHEMISTRY DATA BOOK (2ND EDITION IN S1)","Livre"
"NEW HOTLINE INTERMEDIATE STUDENT'S BOOK (GREEN)","Livre"
"THE NEW WIDER WORLD-2ND ED.","Livre"
"SCIENCE DE LA VIE ET DE LA TERRE 3e","Livre"
"FUNDAMENTE NEU","Livre"
"FRANCAIS.COM LIVRE DE L'ELEVE","Livre"
"DIZIONARIO DELLE LINGUA ITALIANA","Livre"
"BIEN JOUE 1 - LIVRE DE L'ELEVE","Livre"
"ANALYSIS I","Livre"
"USO DE LA GRAMATICA ESPANOLA-INTERMEDIO","Livre"
"HISTOIRE-GEOGRAPHIE 4E LIVRE DE L'ELEVE!!!!!","Livre"
"ASTRO-MATH 1 (SET DES VOL.1A-1B-1C+BOITE OUTILS)","Livre"
"LA CONJUGACION (LIBRO AMARILLO)","Livre"
"GENTE 2 LIBRO DE TRABAJO Y RES.GRAM.+CD NUEVA ED.","Livre"
"HISTOIRE 1ere-épuisé!!!","Livre"
"WEGE DES GLAUBENS-JAHRGANGSSTUFE 7/8","Livre"
"L'HISTOIRE DE MANOLO","Livre"
"LAMBACHER SCHWEIZER BAND 10 BEST NR.73167","Livre"
"VEN 3 LIBRO DE EJERCICIOS","Livre"
"RELIGION IN DER GRUNDSCHULE 3","Livre"
"TANDEM 1 DOEBOEK + CD-ROM","Livre"
"LAMBACHER-SCHWEIZER 7","Livre"
"MACRO-MICRO IN DE BIOLOGIE 6","Livre"
"PENGUIN DICTION.OF BIOLOGY 11th ED","Livre"
"REDDE RATIONEM. RETINENDA","Livre"
"PHYSIQUE CHIMIE 5E COLLECTION ETINCELLES","Livre"
"INTERMEZZO LP 1209","Livre"
"INIS DOM 6","Livre"
"VIA DELTA FILOSOFIE THEORISCHE FILOSOFIE WERKBOEK","Livre"
"CONTACT-NOORD 1, LEERBOEK","Livre"
"GCSE MODERN WORLD HISTORY 2ND EDITION","Livre"
"NEW HOTLINE PRE-INTERMEDIATE WORKBOOK","Livre"
"L'ILE AUX MOTS TOUT LE FRANCAIS AU CE2","Livre"
"ROMA 1. GODEN EN MENSEN. TAALBOEK 2. 2de DRUK","Livre"
"HIGHER GCSE MATHEMATICS","Livre"
"DAS DEUTSCHMOBIL BAND 2 LEHRBUCH","Livre"
"ABANICO CUADERNO DE EJERCICIOS","Livre"
"DE BENDE VAN JAN DE LICHTE","Livre"
"SPLASH - PUPIL BOOK 1","Livre"
"MOBILE 2 LESEBUCH ALLGEMEINE AUSGABE 2.KL","Livre"
"CONTEMPORARY MORAL ISSUES - épuisé!!!!!","Livre"
"WIE DIT LEEST - LEESBOEK A2","Livre"
"THE MERCHANT OF VENICE","Livre"
"ELECTIO-LESEBUCH-VON PLAUTUS BIS PLINIUS","Livre"
"IGCSE CHEMISTRY","Livre"
"CHIMIE 5E/6E","Livre"
"LESEN DARSTELLEN ARBEITSHEFT A 10","Livre"
"HEINEMANN HIGHER MATHEMATICS","Livre"
"DE REGELS VAN HET NEDERLANDS GRAM.EN WERKBOEK","Livre"
"LE ROBERT JUNIOR 8-11 ANS","Livre"
"BAUSTEINE SPRACHBUCH 2 UNVERBUNDENE SCHRIFT","Livre"
"A TRAVERS MOTS - FRANCAIS 4E","Livre"
"HISTOIRE PREMIERES  ES-L-S","Livre"
"LA DISSERTATION LITTERAIRE","Livre"
"CAFE-CREME 2 LIVRE DE L'ELEVE","Livre"
"PRISMA LIBRO DE EJERCICIOS A1","Livre"
"HISTOIRE TERMINALES. PROGRAMME 1998","Livre"
"LES FLEURS DU MAL - HATIER CLASSIQUE N°20","Livre"
"SCIENCES PHYSIQUES 3E","Livre"
"UNTERWEGS, KURSBUCH","Livre"
"ELE 1. CURSO ESPANOL PARA EXTRANJEROS 1","Livre"
"SUPER GAFI CP METH.LECTURE LIVRE ELEVE 2","Livre"
"SUENA 3 CUADERNO DE EJERCICIOS","Livre"
"TANDEM 1 DOEBOEK + CD","Livre"
"OF MICE AND MEN","Livre"
"TATOU LE MATOU 1 CAHIER D'ACTIVITES","Livre"
"PRECIS DE GRAMMAIRE DES LETTRES LATINES","Livre"
"PHYSICS 2ND EDITION","Livre"
"EXERCICES DE GRAMMAIRE NEERLANDAISE","Livre"
"BEL-AMI","Livre"
"DAS DEUTSCHMOBIL LEHRBUCH 3","Livre"
"FORMULA, CUADERNO DE ACTIVIDADES 2","Livre"
"PLANET 2 KURSBUCH","Livre"
"BEGLEITHEFT GRAMMATIK","Livre"
"HISTORISCHER WELTATLAS","Livre"
"SOWIESO, KURSBUCH 1","Livre"
"LEADING QUESTIONS","Livre"
"BLICK BAND 2 ARBEITSBUCH","Livre"
"DAS WAREN ZEITEN BAND 1","Livre"
"TYP TOP VANDAAG 2 LEERWERKBOEK+CD","Livre"
"ABANICO CURSO AVANZADO DE ESPANOL","Livre"
"LA BIBLE TOB-COUV.SOUPLE ILLUSTREE","Livre"
"SOWIESO. ARBEITSBUCH 3","Livre"
"DICTIONNAIRE LATIN-FRANCAIS DE POCHE ED.2001","Livre"
"COMENTARIOS DE TEXTOS DE FILOSOFIA","Livre"
"LA CONJUGACION ESPANOLA. (LIBRO AMARILLO)","Livre"
"BRAVO 2 CAHIER D'EXERCICES","Livre"
"TATOU LE MATOU 2 CD AUDIO ELEVE","Livre"
"BIBEL : DIE GUTE NACHRICHT FUR DICH","Livre"
"NEW COORDINATED SCIENCE - CHEMISTRY","Livre"
"BIOLOGY 6TH ED.","Livre"
"SYSTEMATISCHE NATUURKUNDE KERNBOEK N2 V","Livre"
"ENJOY THE RECORDER","Livre"
"VFFR","Livre"
"WERKSTRUCTUREN IN DE RUIMTE","Livre"
"PASSWORT DEUTSCH 2 KURS-UND UBUNGSBUCH ED DEUTSCH","Livre"
"FREQUENCE JEUNE 2 LIVRE DE L'ELEVE","Livre"
"PRISMA A1 COMIENZA LIBRO DEL ALUMNO","Livre"
"IL ETAIT UNE PETITE GRENOUILLE CAHIER D'ACTIVITES2","Livre"
"A TRAVERS MOTS FRANCAIS 6","Livre"
"LAMBACHER SCHWEISER BAND 9","Livre"
"LEESTIJD 1 - épuisé!!!","Livre"
"COULE LA SEINE","Livre"
"PHYSIK 11, AUSGABE C","Livre"
"VERSTEHEN UND GESTALTEN 6 AUSGABE A","Livre"
"LETTS REVISE SOCIOLOGY AS","Livre"
"SCIENCES PHYSIQUES 5E/4E -  EPUISE!!!!","Livre"
"GRAMMAIRE-450 NVEAUX EXERCICES INTERMEDIAIRE","Livre"
"PHYSIQUE III ONDES OPTIQUES ET PHYS.MOD.+CD","Livre"
"ABANICO - LIBRE DEL ALUMNO","Livre"
"A CHRISTMAS CAROL","Livre"
"GETAL EN RUIMTE 2 VWO 1","Livre"
"PHYSIK 3","Livre"
"A SENSE OF HISTORY THE ROMAN EMPIRE","Livre"
"GUIDE TO LINEAR ALGEBRA","Livre"
"ACTIVITY BOOK 3","Livre"
"ACTIVITY BOOK 2","Livre"
"UNTERWEGS, MATERIALEN","Livre"
"DIE BIBEL" EINHEITSUBERSETZUNG ATLAS UND NEUES   "","Livre"
"GENTE 2 LIBRO DE TRABAJO Y RESUMEN GRAMATICAL","Livre"
"THE BLOODY CHAMBER","Livre"
"GUIA PRATICO DE VERBOS COM PREPOSICOES","Livre"
"VRAGENDERWIJS (7de DRUK)","Livre"
"PHILOSOPHY:THE CLASSICS","Livre"
"MILIEUX ET SOCIETES 2ème","Livre"
"PRISMA COMIENZA NIVEL A1","Livre"
"PORTUGUES SEM FRONTEIRAS 1","Livre"
"PORTUGUES SEM FRONTEIRAS 2","Livre"
"PORTUGUES SEM FRONTEIRAS 3","Livre"
"PINGPONG BAND 1. ARBEITSBUCH","Livre"
"KLEINE WELTGESCHICHTE DER PHILOSOPHIE","Livre"
"DEUTSCH AKTIV NEU 1 C ARBEITSBUCH","Livre"
"APPRENDRE L'ORTHOGRAPHE 1RE ANNEE","Livre"
"A TRAVERS MOTS FRANCAIS 3E","Livre"
"PHILOSOPHY : THE BASICS","Livre"
"GENTE 3 LIBRO DE TRABAJO Y RESUMEN GRAMATICAL","Livre"
"FILS DE SORCIERES","Livre"
"ASTRO-MATH 2 VOL.2A-2B-2C+BOITE A OUTILS+CD-ROM","Livre"
"LECTURE SILENCIEUSE CM1-16 DOSSIERS+ 1 NOUVELLE","Livre"
"GRENZENLOS ALLEMAND TERMINALES","Livre"
"RELIGION IN DER GRUNDSCHULE 2","Livre"
"HISTOIRE TERMINALES  + LIVRET D'ACTUALISATION","Livre"
"LAMBEAUX-FOLIO N°2948","Livre"
"DEUTSCHBUCH 5 - ARBEITSCHEFT -NEUE RECHTSCHREIBUNG","Livre"
"ECONOMICS","Livre"
"FLUO 1 LIVRE ELEVE","Livre"
"A VIEW FROM THE BRIDGE","Livre"
"FIRST ANCIENT HISTORY. THE GREEKS","Livre"
"CHEMISTRY DATA BOOK EDITION IN S1","Livre"
"PRISMA B1 PROGRESA LIBRO DE EJERCICIOS","Livre"
"LOLLIPOP DRUCKSCHRIFTLEHRGANG","Livre"
"STORIA 1 WERKBOEK","Livre"
"PETIT LAROUSSE ILLUSTRE","Livre"
"SOWIESO. ARBEITSBUCH 1","Livre"
"L'AVENTURE AMBIGUE","Livre"
"ELEMENTE CHEMIE I","Livre"
"SOWIESO. ARBEITSBUCH 2","Livre"
"BEING GOOD","Livre"
"UNE HISTOIRE DE L'ART DU XXe SIECLE CENTRE POMPIDO","Livre"
"PUPIL'S BOOK 3","Livre"
"PUPIL'S BOOK 2","Livre"
"EXERCICES DE VOC. EN CONTEXTE NIV.INTERMEDIAIRE","Livre"
"DAS DEUTSCHMOBIL 2 LEHRBUCH","Livre"
"LA BELLE ET LA BETE","Livre"
"HISTOIRE TERMINALE CLASSES TERMINALES","Livre"
"FORMULA, CUADERNO DE ACTIVIDAS 1 - epuise!!!","Livre"
"THE MEDIEVAL WORLD","Livre"
"COUCOU PERE NOEL","Livre"
"WESTERN EUROPE A SOCIAL AND ECONOMIC","Livre"
"VEN-2, LIBRO DE EJERCICIOS","Livre"
"GETAL EN RUIMTE 2 VWO DEEL 1 WERKBOEK","Livre"
"TATOU LE MATOU 2 CD ELEVE","Livre"
"L'ATELIER DE LECTURE ENTRAINEMENT CE1","Livre"
"BLICK 2. LEHRBUCH","Livre"
"HISTOIRE GEOGRAPHIE 6E","Livre"
"THE WIDER WORLD","Livre"
"BIOLOGY THROUGH DIAGRAMS AS & A LEVEL","Livre"
"GEO - L'ESPACE MONDIAL édition 1998","Livre"
"ATLAS D'HISTOIRE","Livre"
"PANORAMA 3 - LIVRE DE L'ELEVE","Livre"
"ELE 1. CURSO ESPANOL PARA EXTRANJEROR 1","Livre"
"ESPACES 1 METHODE","Livre"
"ABANICO, CURSO AV. DE ESP. ALUMNO","Livre"
"ROMA 2. MENSEN EN MACHT. TEKSTBOEK. 2de DRUK","Livre"
"ANDA TERMINALES CAHIER D'ACTIVITES + CD","Livre"
"SPLASH PUPIL'S BOOK 1","Livre"
"ABANICO - CUADERNO DE EJERCICIOS","Livre"
"GEOGRAPHIE 2E CLASSE DE SECONDE","Livre"
"HELP 3","Livre"
"HELP 2","Livre"
"LES ORIENTALES","Livre"
"FARBE BEKENNEN 11","Livre"
"BIO SKOOP 3","Livre"
"FARBE BEKENNEN 13","Livre"
"PUTZGER : HISTORISCHER WELTATLAS","Livre"
"THE WOMAN IN BLACK","Livre"
"BAND 2.2. CURSUS GRAMMATICUS","Livre"
"ABRACADALIRE METH.DE LECTURE CP MANUEL 1","Livre"
"HISTOIRE TERMINALE L-ES","Livre"
"DRAIOCHT 1","Livre"
"DRAIOCHT 3","Livre"
"PORTUGUES XXI-2 LIVRO DE ALUNO","Livre"
"MATEMATICAS 1 PRIMARIA","Livre"
"PRISMA A2 CONTINUA LIBRO DEL ALUMNO","Livre"
"ZEIT DER FREUDE-JAHRGANGSSTUFEN 5/6","Livre"
"LITTERATURE 2DE","Livre"
"STUDIPAKKET 5 ANALYSE 2","Livre"
"WEGE FINDEN 3/4 ETHIKUNTERRICHT IN DER GRUNDSCHULE","Livre"
"A MIDSUMER NIGHT'S DREAM","Livre"
"USO ELEMENTAL","Livre"
"DIRECTE TOEGANG TOT NEDERLANDS WERKBOEK","Livre"
"HISTOIRE-GEOGRAPHIE 6e DERNIERE ED.","Livre"
"CHEMIE HEUTE SEK II","Livre"
"L'EUROPE DES EUROPEENS","Livre"
"ABANICO CURSO AV.DE ELE LIBRO DEL ALUMNO","Livre"
"CAMBRIDGE LATIN COURSE UNIT IVB - INTEGRATED ED.","Livre"
"TAAL TOTAAL VOOR DE NIEUWE BASISSCHOOL 6 A","Livre"
"DIBUJO Y PINTURA 1 PRIMARIA","Livre"
"KREUTZERSONATE","Livre"
"GESCHICHTE UND GESCHEHEN SCHULERBAND 2","Livre"
"L'ILE AUX MOTS TOUT LE FRANCAIS AU CE1","Livre"
"GENTE 2 LIBRO DE TRAB.Y RESUMEN GRAM.+CD","Livre"
"VAN DALE HANDWOORDENBOEK NEDERLANDS","Livre"
"VJ HANDELWIJS 3","Livre"
"ANIMAL FARM","Livre"
"ELE 1. CUADERNO EJERCICIOS","Livre"
"SEYDLITZ GEOGRAFIE 2","Livre"
"REVOLUTION IN FRANCE","Livre"
"FUNDAMENTELE BEGRIPPEN VAN ALGEMENE CHEMIE","Livre"
"NEW HEADWAY ENGLISH COURSE INTERMEDIATE","Livre"
"GRUNSTUFEN - GRAMMATIK","Livre"
"MODERN WORLD HISTORY 2nd EDITION","Livre"
"DECLINE AND FALL","Livre"
"USO DE LA GRAMMATICA ESPANOLA - AVANZADO","Livre"
"GENTE 2 LIBRO DEL ALUMNO + CD","Livre"
"SCIENCES DE LA VIE ET DE LA TERRE - 3","Livre"
"SUENA 3 LIBRO DE ALUMNO","Livre"
"PRISMA A1 COMIENZA LIBRO ALUMNO","Livre"
"CAMBRIDGE LATIN COURSE 4A","Livre"
"EXTRA 3 LIVRE","Livre"
"GENTE JOVEN 2 CUADERNO DE EJERCICIOS","Livre"
"DEUTSCHBUCH 5 - SPRACH UND LESEBUCH","Livre"
"RELIGIONSBUCH 9/10","Livre"
"GESCHICHTSBUCH 3 (NEUE AUSGABE)","Livre"
"ROMA 2. MENSEN EN MACHT. TAALBOEK. 2de DRUK","Livre"
"PRISMA B1 PROGESA LIBRO ALUMNO","Livre"
"REPERAGES 2 CAHIER DE STRUCTURATION + CD-ROM","Livre"
"ROMANCE 6.","Livre"
"LUX 3 LATIN 3E","Livre"
"AN INTRODUCTION TO UNIVERSITY MATHEMATICS","Livre"
"HISTOIRE TERMINALE édition 1998","Livre"
"COLLINS ADVANCED SCIENCE PHYSICS 2ND EDITION","Livre"
"TANDEM 4 LEERBOEK","Livre"
"LATIN 5E","Livre"
"THE MODERN WORLD 1914-1980 - épuisé!!!!","Livre"
"THE ODE LESS TRAVELLED","Livre"
"LITERATUUR GESCHIEDENIS LEESDOSSIER WERKBOEK","Livre"
"GESCHICHTSBUCH 1 (NEUE AUSGABE)","Livre"
"GEO TERMINALES L S ES","Livre"
"THE ROSES OF EYAM","Livre"
"ABANICO, CUADERNO DE EJERCICIOS","Livre"
"HISTOIRE 1890-1945 CLASSE DE PREMIERE","Livre"
"BIOLOGY FOR LIFE 2nd EDITION","Livre"
"VERSTEHEN UND GESTALTEN B 10","Livre"
"ACTUALQUARTO GUIDE DES SAVOIR-FAIRE","Livre"
"FIRST ANCIENT HISTORY  THE GREEKS","Livre"
"ZIN IN TAAL - JAARGROEP 4 - TAALBOEK A2","Livre"
"DEUTSCH KONKRET 3","Livre"
"PANICO EN LA DISCOTECA","Livre"
"DAS DEUTSCHMOBIL 3 ARBEITSBUCH","Livre"
"AVANCE INTERMEDIO-AVANZADO","Livre"
"MATHETIGER BASIC 1","Livre"
"GENTE 1  - LIBRO DE TRABAJO Y RESUMEN GRAMATICAL","Livre"
"WIE DIT LEEST - LEESBOEK A1","Livre"
"PRISMA C1 CONSOLIDA LIBRO DE EJERCICIOS","Livre"
"J'APPRENDS A ECRIRE","Livre"
"SCIENCES DE LA VIE ET DE LA TERRE - 3e","Livre"
"GRUNDSTUFEN - GRAMMATIK","Livre"
"THE EARLY MODERN WORLD","Livre"
"DEUTSCH KONKRET LEHRBUCH 3","Livre"
"THE CRUCIBLE","Livre"
"GENTE 1 LIBRO DEL ALUMNO D.","Livre"
"TWENTIETH CENTURY HISTORY THE WORLD SINCE 1900","Livre"
"THE CRITICAL EYE","Livre"
"O CAVALEIRO DA DINAMARCA","Livre"
"FINDEFIX WORTERBUCH FUR DIE GRUNDSCHULE","Livre"
"STUDIEPAKKET 5 BEKNOPTE ANALYSE","Livre"
"CONTEMPORARY MORAL ISSUES - épuisé!!!","Livre"
"BIBLE TOB - EPUISE","Livre"
"FIRST ANCIENT HISTORY THE GREEKS","Livre"
"TEXTE, THEMEN UND STRUCTUREN. DEUTSCHBUCH FUR DIE","Livre"
"ARGUMENT 4-5 GONIOMETRIE DRIEHOEKSMETING","Livre"
"WATERLAND","Livre"
"SPLASH! - PUPIL'S BOOK 3","Livre"
"WORLD OF SCIENCE BOOK 3","Livre"
"WORLD OF SCIENCE BOOK 2","Livre"
"VIA DELTA FILOSOFIE-THEORISTISCHE FILOSOFIE","Livre"
"LOLLIPOP  FIBEL TEIL 1 UND 2","Livre"
"DOMWEG GELUKKIG, IN DE DAPPERSTRAAT","Livre"
"PRINCIPES D'ECONOMIE POLITIQUE","Livre"
"LA NOUVELLE BALLE AUX MOTS CM1","Livre"
"GRAMMATIK ZUM UBEN","Livre"
"CHIMIE 3E/4E-SCIENCES 1ER ET 2E NIVEAU","Livre"
"LE TOUR DU MONDE EN 80 JOURS-EVENTAIL","Livre"
"HISTORY IN THE MAKING : THE MEDIEVAL WORLD","Livre"
"HISTOIRE TERMINALES","Livre"
"LE GRAND EUREKA DES 9 ANS","Livre"
"ELE 1. CUARDERNO DE EJERCICIOS","Livre"
"DICTIONNAIRE ORTHOGRAPHIQUE EUREKA","Livre"
"THE OWL SERVICE","Livre"
"JOIE DANS LA MUSIQUE-PAR LA FLUTE DOUCE DECOUVRONS","Livre"
"BIOLOGIE HEUTE S II. (1997)","Livre"
"ADVANCED PHYSICS (5th edition)","Livre"
"NORTH AMERICA. AN ADVANCED GEOGRAPHY.","Livre"
"SCIENCES EXPERIMENTALES ET TECHNOLOGIQUES","Livre"
"NATURALEZA NOVA - 8° E.G.B.","Livre"
"BRAVO 2 METHODE DE FRANCAIS","Livre"
"SCIENCES DE LA VIE ET DE LA TERRE Term. S","Livre"
"MATEMATICAS 1 PRIMARIA CUADERNO 3E TRIMESTRE","Livre"
"REKENBOOG 6A WERKSCHRIFT","Livre"
"TANDEM 2 DOEBOEK + CD-ROM","Livre"
"BAUSTEINE 4 UBUNGSHEFT","Livre"
"CRONICA DE UNA MUERTE ANUNCIADA","Livre"
"HISTOIRE TERMINALE DERNIERE EDITION","Livre"
"REDDE RATIONEM. MEMORIA","Livre"
"DIERCKE WELTATLAS","Livre"
"OSTIA ALTERA I - TEILBAND 1.2 CURSUS GRAM.-LESEVOK","Livre"
"LE PETIT ATLAS","Livre"
"ECONOMICS-THIRD EDITION","Livre"
"20th CENTURY HISTORY","Livre"
"DICTIONNAIRE DE PHILOSOPHIE","Livre"
"ROMA 1. GODEN EN MENSEN. TEKSTBOEK. 2de DRUK","Livre"
"VEN 3 LIBRO DEL ALUMNO","Livre"
"NEW CHEMISTRY FOR YOU","Livre"
"VEN-3, LIBRO DE EJERCICIOS","Livre"
"WIE DIT LEEST - LEESBOEK C2","Livre"
"WIE DIT LEEST - LEESBOEK C1","Livre"
"GESCHICHTSBUCH 3. NEUE AUSGABE.","Livre"
"LAMBACHER SCHWEITZER 10","Livre"
"GESCHICHTE : POLITIK UND  GESELSCHAFT 2","Livre"
"SOCIEDAD 6.","Livre"
"PHYSIK 12/13","Livre"
"GENIAL ARBEITSBUCH A1","Livre"
"GENIAL ARBEITSBUCH A2","Livre"
"UNSER WORTSCHATZ, NEUE RECHTSCHREIBUNG","Livre"
"PHOENIX 2 HAND-WERK-WOORDENBOEK","Livre"
"ECONOMIE GENERALE APPROCHE MICROECONOMIQUE-épuisé!","Livre"
"EDUCATING RITA","Livre"
"CURSIVE COPYMASTERS 1","Livre"
"EM UBUNGSGRAMMATIK-DEUTSCH ALS FREMDSPRACHE","Livre"
"ABANICO, CURSO AVAN. DE ESPANOL CUADERNO","Livre"
"L'ILLUSION COMIQUE - BIBLIOLYCEE","Livre"
"TANDEM LEERBOEK 1","Livre"
"CONTACT NOORD 2, OEFENBOEK","Livre"
"MOMENT MAL! ARBEITSBUCH 1","Livre"
"DR.JECKYLL AND MR.HYDE","Livre"
"BLICK, BAND 2 LEHRBUCH","Livre"
"CONTACT-NOORD 1. OEFENBOEK","Livre"
"ENGLISH ROMANTIC VERSE","Livre"
"LETTS REVISE SOCIOLOGY A2","Livre"
"DOORBRAAK LEERWERKBOEK B","Livre"
"20TH CENTURY HISTORY. THE WORLD SINCE 1900","Livre"
"ZIN IN TAAL - TAALMAATJE D","Livre"
"ZIN IN TAAL - TAALMAATJE B","Livre"
"ZEIT DER FREUDE","Livre"
"ROMA II MENSEN EN MACHT TEKSTBOEK","Livre"
"INTRODUCTORY ECONOMICS","Livre"
"LESEN, DARSTELLEN A7 ARBEITSHEFT","Livre"
"FREQUENCE JEUNES 3 LIVRE DE L'ELEVE","Livre"
"LEVEND NEDERLANDS 1","Livre"
"LEVEND NEDERLANDS 2","Livre"
"WIND IN THE WILLOWS","Livre"
"STANLAKE'S INTRODUTORY ECONOMICS","Livre"
"DASDA 1 ARBEITSBUCH","Livre"
"GEOGRAPHIE TERMINALE L-ES-S","Livre"
"SIE SUCHE, BAND 2, ARBEITSBUCH 2","Livre"
"BAUSTEINE UBUNGSHEFT 3 MIT LERNSOFTWARE","Livre"
"ARTES MANUEL DE LATIN 2E ANNEE-ED.2002","Livre"
"IN ITALIANO. VOLUME UNICO.","Livre"
"VIVE EL ESPANOL NIVEL INICIAL","Livre"
"GOED NEDERLANDS 1  - introuvable!!!!","Livre"
"PATMOS ZEIT DER FREUDE"                          "","Livre"
"LATIN 2E","Livre"
"LES REGRETS+LES ANTIQUITES DE ROME","Livre"
"GETAL EN RUIMTE. DEEL 2HV - WERKSCHRIFT","Livre"
"BIOLOGIE HEUTE S II. NEUBEARBEITUNG","Livre"
"BIOLOGIA. VOLUMES 1","Livre"
"NEW SNAPSHOT ELEMENTARY STUDENT'S BOOK","Livre"
"PUTZGER HISTORISCHER WELTATLAS","Livre"
"DIERKE SCHULATLAS","Livre"
"BRAVO 1 METHODE DE FRANCAIS","Livre"
"VITAAL NEDERLANDS 3 TEKSTBOEK","Livre"
"ADO 2 LIVRE D'EXERCICES","Livre"
"SOWIESO 3 KURSBUCH","Livre"
"ANALYTISCHE GEOMETRIE, LEISTUNGSKURS","Livre"
"CAMBRIDGE LATIN COURSE 4B","Livre"
"GENIAL A2 GLOSSARE SPANISCH","Livre"
"ART OF THE 20TH CENTURY","Livre"
"NIEUW TOPNIVEAU INFORMATIEBOEK","Livre"
"ASTRO-MATH 2 UNIQUEMENT BOITE A OUTILS-épuisé!!","Livre"
"WERKEN MET HET WERKWOORD","Livre"
"DICCIONARIO SALAMANCA"                           "","Livre"
"USO DE LA GRAMATICA ESPANOLA. INTERMEDIO","Livre"
"DAS NEUE DEUTSCHMOBIL 3 ARBEITSBUCH","Livre"
"GRAMMAIRE PROGRESSIVE NIVEAU AVANCE","Livre"
"EINBLICKE IN DIE PHYSIK + CHEMIE 7/8","Livre"
"DAS DEUTSCHMOBIL. LEHRBUCH 3","Livre"
"BASISGRAMMATICA NUG 101","Livre"
"GOED NEDERLANDS 3 hv  - introuvable!!!","Livre"
"FLUO 1 CAHIER EXERCICES","Livre"
"HELP! 2 HELPT U MIJ EVEN?","Livre"
"ELE 1. CUADERNO DE EJERCICIOS","Livre"
"LES PETITS MANUELS HATIER-MATH 5E","Livre"
"ECONOMICS-SECOND EDITION","Livre"
"CHIMIE 4 - 3 PERIODES PAR SEMAINE","Livre"
"UBU-ROI","Livre"
"SUR LES TRACES D'ULYSSE","Livre"
"ARCADES 1 CAHIER DE TRAVAIL","Livre"
"ABANICO CURSO AVANZADO DE ELE LIBRO DE ALUMNO","Livre"
"SPLASH 2 ACTIVITY BOOK","Livre"
"A BEGINNER'S GUIDE TO REALITY","Livre"
"GEO SECONDE","Livre"
"MAGAZINE","Livre"
"STP NATIONAL CURRICULUM MATHEMATICS 10A","Livre"
"L'ORGANISATION DE L'ESPACE MONDIAL (TERMINALES)","Livre"
"ANCIENT GREEKS","Livre"
"HISTOIRE-GEOGRAPHIE CLASSE DE 5e","Livre"
"CAMBRIDGE LATIN COURSE BOOK 2","Livre"
"HISTOIRE TERM L-ES","Livre"
"VAN DALE HANDWDBK ENGELS-NEDERL./NEDERL.-ENGELS","Livre"
"HISTOIRE-GEOGRAPHIE 5","Livre"
"TEXTOCOLLEGE 5E LE FRANCAIS EN SEQUENCES","Livre"
"GRAMMAIRE PROGRESSIVE NIVEAU INTERMEDIAIRE","Livre"
"NEW HEADWAY UPPER-INTERMEDIATE - STUDENT'S BOOK","Livre"
"PONS WORTERBUCH","Livre"
"CAMPUS 4 LIVRE DE L'ELEVE","Livre"
"HISTOIRE-GEOGRAPHIE CLASSE DE 5E","Livre"
"SHERLOCK HOLMES SHORT STORIES","Livre"
"VEILIG EN VLOT KERN 4-6","Livre"
"SELECTED POEMS","Livre"
"LUSOFONIA AVANCADO LIVRO DO ALUNO","Livre"
"CAMPUS 3 LIVRE ELEVE","Livre"
"GEOGRAPHIE CLASSE DE 2e","Livre"
"NORTH AMERICA. AN ADVANCED GEOGRAPHY","Livre"
"HISTOIRE 1ERE L,ES,S - LE MONDE DU XIXE SIECLE","Livre"
"DEUTSCHBUCH 5 ARBEITSHEFT","Livre"
"HISTOIRE-GEOGRAPHIE CLASSE DE 5ème","Livre"
"WEGE DES GLAUBENS JAHRGANGSSTUFE 7/8","Livre"
"GRAMMAIRE ILLUSTREE DU NEERLANDAIS","Livre"
"HISTOIRE-GEOGRAPHIE 5ème ED.2005","Livre"
"CONTACT-NOORD, OEFENBOEK","Livre"
"BRUCKENKURS DAF ALS FREMDSPR.FUR MITTELSTUFE KURSB","Livre"
"BLICK BAND 1 LEHRBUCH","Livre"
"TERRA 5/6 GYMNASIUM HESSEN","Livre"
"FELIX - DAS BEGLEITBUCH","Livre"
"UNTERWEGS MATERIALENBUCH","Livre"
"MATH IN ACTION 3 B","Livre"
"PHYSICK 11, AUSGABE C","Livre"
"NEW PROFICIENCY GOLD COURSE BOOK","Livre"
"THE COMPLETE PLAYS OF MARLOWE","Livre"
"DTV - ATLAS ZUR WELTGESCHICHTE BD 2","Livre"
"WUTHERING HEIGHTS","Livre"
"PUSTEBLUME 4","Livre"
"USO DE LA GRAMATICA ESPANOLA. GRADOS INTERMEDIO Y","Livre"
"ASTRO-MATH 3E","Livre"
"PRECIS DE GRAMMAIRE FRANCAISE","Livre"
"ACTIMATH 3 MANUEL","Livre"
"GRAMMAR TO 14","Livre"
"ARGUMENT 2 GETALLENLEER LEERBOEK","Livre"
"NEWTON 3 FISICA Y QUIMICA","Livre"
"DAS NEUE DEUTSCHMOBIL 1 ARBEITSBUCH","Livre"
"USO DE LA GRAMMATICA ESPANOLA - INTERMEDIO","Livre"
"FORMULA, CUADERNO DE ACTIVIDADES 3","Livre"
"GETAL EN RUIMTE 5/6 V-B1 - PAS PARU","Livre"
"DAS DEUTSCHMOBIL LEHRBUCH 2","Livre"
"THE MIDDLE AGES. SECOND EDITION","Livre"
"ABANICO LIBRO DE ALUMNO","Livre"
"CAMBRIDGE ENGLISH FOR SCHOOLS WORKBOOK 2","Livre"
"FLUO 1 LIVRE DE L'ELEVE","Livre"
"CARMEN - PETITS CLASSIQUES LAROUSSE","Livre"
"NATUURLIJK ! LEERLINGENBOEK 5","Livre"
"HALLO, DA BIN ICH 1 AUDIO-KASSETTE","Livre"
"JOSEPH ANDREWS","Livre"
"ELEMENTARGRAMMATIK MIT RECHTSCHREIBUNG UND ZEICH.","Livre"
"CAMBRIDGE LATIN COURSE BOOK 1","Livre"
"LENGUA CASTELLANA Y LITERATURA 4°E.S.O.","Livre"
"IMPULSE PHYSIK I","Livre"
"L'ART AU 20E SIECLE","Livre"
"MODERN WORLD HISTORY","Livre"
"GOING PLACES TERMINALES","Livre"
"ATLAS DE BASE 2006","Livre"
"CABRIOLA 1 LECTURAS DE PRIMARIA + CD","Livre"
"PEOPLE AND THEIR ENVIRONMENT : THE PHYSICAL","Livre"
"SCIENCES DE LA VIE ET DE LA TERRE 1ere S","Livre"
"ARCADES 3 TSO LIVRE DE DOCUMENTS","Livre"
"RAPIDO, CURSO INT. D E ESP. LIBRO DEL ALUMNO","Livre"
"DICTIONNAIRE LAROUSSE DES DEBUTANTS 6/8 ANS","Livre"
"MENSCH UND RAUM 8","Livre"
"TANDEM 2 DOUBLE CD AUDIO ELEVE","Livre"
"THE ANCIENT WORLD","Livre"
"ISABELLE -épuisé!!!","Livre"
"MENSCH UND RAUM 6","Livre"
"CARRIE'S WAR","Livre"
"NATUURKUNDE EN SCHEIKUNDE 3HV LEERB.NU VOOR STRAKS","Livre"
"LAROUSSE DE POCHE 2007","Livre"
"HALLO, DA BIN ICH 1 ARBEITSHEFT","Livre"
"NEW OXFORD ENGLISH 1","Livre"
"NEW OXFORD ENGLISH 3","Livre"
"NEW OXFORD ENGLISH 4","Livre"
"FAR FROM THE MADDING CROWD","Livre"
"MATHS 8A","Livre"
"ARVORE","Livre"
"PHOENIX 3 WERKBOEK","Livre"
"THREE PLAYS","Livre"
"JE LIS SEULE, TU LIS SEUL CM1-épuisé!!!","Livre"
"PHILOSOPHY : THE CLASSICS","Livre"
"VERSTEHEN UND GESTALTEN 7, AUSGABE A, NEUE RECHTSC","Livre"
"CHEMISTRY","Livre"
"BASISATLAS","Livre"
"SPLASH 3 PUPIL'S BOOK","Livre"
"MOMENT MAL 2 LEHRBUCH","Livre"
"LE GRAND EUREKA","Livre"
"CAMBRIDGE ENGLISH FOR SCHOOLS STUDENT'S BOOK 2","Livre"
"ABANICO. CURSO AVANZADO DE ESPANOL","Livre"
"LAMBACHER SCHWEIZER BAND 9 BEST.NR.73157","Livre"
"ARGUMENT 1 GETALLENLEER","Livre"
"ESPACE MATH 5E/6E COFFRE A OUTILS-ACT.-EXERCICES","Livre"
"DICCIONARIO BASICO ANAYA DE LA LENGUA","Livre"
"DIE SCHONE IST ANGEKOMMEN","Livre"
"WELT DER ZAHL SCULERBAND 3","Livre"
"BELLEVILLE 3 LIVRE DE L'ELEVE","Livre"
"HISTOIRE TERMINALE L/ES","Livre"
"HISTORIAS DA TERRA E DO MAR","Livre"
"CONTEMPORARY MORAL ISSUES-épuisé!!!","Livre"
"LONGMAN STUDENT ATLAS","Livre"
"MACBETH","Livre"
"BIOLOGIE HEUTE 2 G (7-10)","Livre"
"VOYAGE AU BOUT DE LA NUIT - FOLIO N°28","Livre"
"LA BIBLE TOB-ANCIEN ET NOUVEAU TESTAMENT- petit fo","Livre"
"UNDER THE GREENWOOD TREE","Livre"
"PHOENIX BASISVOCABULARIUM","Livre"
"LA PLANETE TERRE - REPERES PRATIQUES","Livre"
"GEOGRAPHY : AN INTEGRATED APPROACH 2E EDITION","Livre"
"GENIAL KURSBUCH A1","Livre"
"GENIAL KURSBUCH A2","Livre"
"PENGUIN DICTIONARY OF 20th CENT.HISTORY-épuisé!!","Livre"
"GCSE CHEMISTRY","Livre"
"CHEMIE PLUS 3 LEERBOEK","Livre"
"GENTE 2 LIBRO DE TRABAJO Y RES.GRAM.+ CD NUEVA ED.","Livre"
"GETAL EN RUIMTE. DEEL 2 HV 1","Livre"
"ZO SPEL JE ZOO OEFENBOEK 2","Livre"
"ZO SPEL JE ZOO OEFENBOEK 3","Livre"
"DAS DEUTSCHMOBIL BAND 2 ARBEITSBUCH","Livre"
"SEYDLITZ BAND 7","Livre"
"BLED CM2 CAHIER EXERCICES-ORTH-GRAM-CONJ","Livre"
"HISTOIRE-GEOGRAPHIE CLASSE DE 4E","Livre"
"LA POULE QUI POND DES PATATES","Livre"
"LATIN COURSE BOOK 5","Livre"
"LOLLIPOP 3 ARBEITSHEFT SPRACHE","Livre"
"LATIN COURSE BOOK 3","Livre"
"PORTUGUES XXI 2.CADERNO DE EXERCICIOS","Livre"
"FEDON","Livre"
"PETIT ATLAS HISTORIQUE DU XXE SIECLE","Livre"
"ECONOMICS: A COMPLETE COURSE - 3rd edition","Livre"
"PRINCIPES D'ECONOMIE MODERNE","Livre"
"DTV ATLAS ZUR WELTGESCHICHTE BD.2","Livre"
"350 EXERCICES DE GRAMMAIRE NIVEAU DEBUTANT","Livre"
"IL ETAIT UNE PETITE GRENOUILLE - LECT. 2","Livre"
"THINK","Livre"
"ABANICO, CURSO AVANZ. EJERCICIOS","Livre"
"MOMENT MAL 2 ARBEITSBUCH","Livre"
"THE NEW WIDER WORLD-FOUNDATION ED-2ND ED","Livre"
"ROLL OF THUNDER - HEAR MY CRY","Livre"
"PLANET 1 ARBEITSBUCH","Livre"
"DAS NEUE DEUTSCHMOBIL 3 LEHRBUCH","Livre"
"FREQUENCE JEUNE 2 CAHIER D'EXERCICES","Livre"
"ARCADES 3 TSO CAHIER D'ACTIVITES","Livre"
"FREQUENCE JEUNES 3 CAHIER D'EXERCICES","Livre"
"LAMBACHER SCHWEITZER 8","Livre"
"NEW HEADWAY UPPER-INTERMEDIATE - WORKBOOK","Livre"
"REPERAGES 3E ET 4E - REPERES GRAMMATICAUX","Livre"
"SCIENCES 64 ENQUETES POUR COMPRENDRE LE MONDE","Livre"
"LAMBACHER SCHWEITZER 7","Livre"
"LAMBACHER SCHWEITZER 6","Livre"
"STUDIEPAKKET 5 ANALYSE 1","Livre"
"CONTACT-NOORD 1, OEFENBOEK","Livre"
"GENTE JOVEN 2 LIBRO DEL ALUMNO","Livre"
"L'ILE AUX MOTS-TOUT LE FRANCAIS AU CM2","Livre"
"L'ILE AUX MOTS-TOUT LE FRANCAIS AU CM1","Livre"
"MIDDELINK, SYSTEMATISCHE NATUURKUNDE V.W.O.","Livre"
"NOUVEAUX EXERCICES DE GRAMMAIRE","Livre"
"DAS NEUE DEUTSCHMOBIL - ARBEITSBUCH 2","Livre"
"BIOLOGIE HEUTE S II (1997)","Livre"
"SCIENCES PHYSIQUES 5E/4E - EPUISE!!!!!","Livre"
"ECONOMIE GENERALE APPROCHE MICROECONOMIQUE-epuise!","Livre"
"BIOLOGY FOR LIFE 2ND EDITION","Livre"
"DAS NEUE DEUTSCHMOBIL BD2 ARBEITSBUCH","Livre"
"NEW NELSON HANDWRITING SCHEME","Livre"
"JA ABER TROISIEME LANGUE 1","Livre"
"NEW TOUCHSTONE 14-16","Livre"
"SUENA 2. CUADERNO DE EJERCICIOS","Livre"
"ARGUMENT 3 HANDBOEK GETALLENLEER","Livre"
"LA BIBLE TOB-L'ANCIEN ET LE NOUVEAU TESTAMENT","Livre"
"PHILOSOPHY MADE SIMPLE","Livre"
"CHIMIE 3E/4E","Livre"
"JA ABER SECONDE LANGUE 1 NOUVELLE EDITION","Livre"
"BLICK, BAND 1, ARBEITSBUCH","Livre"
"BLICK 1 LEHRBUCH","Livre"
"SYSTEMATISCHE NATUURKUNDE KERNBOEK N1 V","Livre"
"CAHIER DE VOCABULAIRE LATIN","Livre"
"LAMBACHER SCHWEIZER SCHULERBUCH 9","Livre"
"PHYSIQUE CHIMIE 4E COLLECTION ETINCELLES","Livre"
"ZIN IN TAAL - C2 GROEP 6","Livre"
"TATOU LE MATOU 2 CAHIER ACTIVITE","Livre"
"ESPACE MATH 5E/6E THEORIE:ANALYSE & TRIGONOMETRIE","Livre"
"LE NOUVEAU SANS FRONTIERES 2 - EXERCICES","Livre"
"USO JUNIOR INTERMEDIO","Livre"
"VOLPONE AND OTHER PLAYS","Livre"
"GENTE 1 LIBRO DEL ALUMNO","Livre"
"METZLER PHYSIK","Livre"
"DASDA Bd. 1 - LEHRBUCH","Livre"
"NELSON HANDWRITING BK 4","Livre"
"PHOENIX 1 HANDBOEK","Livre"
"BIOLOGIE HEUTE S II. (1988)","Livre"
"OP NIEUW NIVEAU DIFFERENTIATIEWERKBOEK 2 HV","Livre"
"RAPIDO CURSO INTENSIVO DE ESPANO, LIBRO DEL...","Livre"
"MILIEUX ET SOCIETES 2E","Livre"
"CONTACT NOORD 1, OEFENBOEK","Livre"
"GRAMMAIRE PROGRESSIVE DU FRANCAIS-INTERMEDIAIRE","Livre"
"LOLLIPOP LIEDERBUCH","Livre"
"L'EUROPE EN FICHES","Livre"
"THE MOONSTONE","Livre"
"LA VILLE DES POETES","Livre"
"FROM GENESIS TO GENETICS - épuisé!!!","Livre"
"VAN DALE HANDWOORDBK EN-ND/ND-EN","Livre"
"SUENA 2 CUADERNO DE EJERCICIOS","Livre"
"LS 5 (LAMBACHER SCWEIZER 5) - AUSGABE BADEN-","Livre"
"ECONOMIE GENERALE APPROCHE MACROECONOMIQUE","Livre"
"LOLLIPOP SCULERBUCH sprach sach 3","Livre"
"BINAS HAVO VWO druk 5","Livre"
"KONZEPTE 1 LEHRBUCH","Livre"
"EINDRUCKE - EINBLICKE ARBEITSBUCH","Livre"
"HISTOIRE-GEOGRAPHIE 5ème","Livre"
"JE LIS SEUL... CE1-FICHIER CONSOMMABLE","Livre"
"PHEDRE LP N°6127","Livre"
"NEW TOUCHSTONES 11-14","Livre"
"VAN DALE BASISWOORDENBOEK VAN","Livre"
"BAUSTEIN SACHUNTERRICHT 4!! SCHULERBAND","Livre"
"PHYSIK 2 - EPUISE!!!","Livre"
"STARTING SCIENCE BOOK 3","Livre"
"DENKEN UND RECHNEN 3","Livre"
"GESCHICHISBUCH 1 NEUE AUSGABE","Livre"
"TANDEM 3 LEERBOEK","Livre"
"BAUSTEINE FIBEL 2003 ARBEITSBLATTER","Livre"
"PARA EMPEZAR B LIBRO DE EJERCICIOS","Livre"
"TANDEM 2 DOEBOEK + CD","Livre"
"BOOKSHELF PUZZLERS. LEVEL 2-3","Livre"
"ZEIT DER FREUDE 5/6","Livre"
"CANTERBURY TALES","Livre"
"CHEMISTRY DATA BOOK (EDITION IN S1)","Livre"
"LITTLE WOMEN","Livre"
"ZIN IN TAAL - JAARGROEP 4 - TAALMAATJE A","Livre"
"GENTE JOVEN 1 LIBRO DEL ALUMNO + CD","Livre"
"BAUSTEINE FIBEL SCHREIBLEHRGANG VA","Livre"
"RES ROMANAE","Livre"
"BINAS HAVO VWO dr.5","Livre"
"HISTOIRE GEOGRAPHIE 5E","Livre"
"VEN 1 LIBRO DE EJERCICIOS","Livre"
"A ARVORE","Livre"
"A SENSE OF HISTORY. THE ROMAN EMPIRE.","Livre"
"GEOGRAPHY-AN INTEGRATED APPROACH","Livre"
"FELIX DAS BEGLEITBUCH AUSGABE A","Livre"
"STARTING SCIENCE BOOK I","Livre"
"LESEN, DARSTELLEN, BEGREIFEN A 7","Livre"
"DONDE ESTA LA MARQUESA","Livre"
"LESEN, DARSTELLEN, BEGREIFEN A 8","Livre"
"AMPHYTRION EDITION BILINGUE","Livre"
"LATIN DICTIONARY - épuisé!! préciser quel autre!!","Livre"
"THE RISE OF MODERN CHINA","Livre"
"NOUVEL ACTIMATH 1 LIVRE-CAHIER+CD-ROM","Livre"
"GENIAL A2 GLOSSARE ITALIENISCH","Livre"
"SUCCES IN WORLD HISTORY SINCE 1945","Livre"
"LE PETIT LAROUSSE ILLUSTRE COMPACT 2006","Livre"
"TATOU LE MATOU 1 LIVRE ELEVE","Livre"
"NU VOOR STRAKS 2 HV","Livre"
"LOLLIPOP MATHE 3","Livre"
"OUR DYNAMIC WORLD-ECONOMIC ACTIVITIES","Livre"
"ARGUMENT 1 MEETKUNDE","Livre"
"LITTERATURE ET EXPRESSION 5E","Livre"
"GESCHICHTSBUCH 3","Livre"
"VEILIG EN VLOT KERN 1-3","Livre"
"GESCHICHTSBUCH 4","Livre"
"GENIAL A1 KURSBUCH","Livre"
"LA CONJUGACION ESPANOLA","Livre"
"MENSCH UND RAUM GEOGRAPHIE 12/13","Livre"
"ESPACE MATH 4","Livre"
"KLIPPER 3 BAKENS EN BOEIEN","Livre"
"CHIMIE 3/4 - SCIENCES NIVEAU 1/2","Livre"
"GESCHICHTE UND GESCHEHEN IV","Livre"
"DELTA T 3 3U WERKBOEK DEEL A","Livre"
"GRAMMAIRE PROGRESSIVE DU FRANCAIS","Livre"
"GOODNIGHT MISTER TOM","Livre"
"USO DE LA GRAMATICA INTERMEDIO","Livre"
"GROSSWORTERBUCH  DEUTSCH FREMDSPRACHE","Livre"
"SEESAW FUN AND GAMES 2","Livre"
"GRAMMAIRE 350 EXERCICES NIVEAU SUP.1","Livre"
"LATIN SECONDE","Livre"
"DENKEN UND RECHNEN 2 NEUBEARBEITUNG","Livre"
"TEXTO COLLEGE 5E","Livre"
"DAS WAREN ZEITEN BAND 1 NIEDERSACHSEN","Livre"
"USO DE LA GRAMATICA - AVAZADO","Livre"
"PHILOSOPHY:THE BASICS","Livre"
"STUDIEPAKKET 5 BEKNOPTE ALGEBRA 2","Livre"
"IL ETAIT UNE PETITE GRENOUILLE LIVRE DE L'ELEVE 2","Livre"
"EINDRUCKE EINBLICKE, TEXTBUCH","Livre"
"NATURA I","Livre"
"VERSTEHEN UND GESTALTEN B9","Livre"
"EXERCICES ILLUSTRES DE GRAMMAIRE NEERLANDAISE","Livre"
"VERSTEHEN UND GESTALTEN B5","Livre"
"VERSTEHEN UND GESTALTEN B6","Livre"
"VERSTEHEN UND GESTALTEN B7","Livre"
"EMMA","Livre"
"LE, CURSO DE ESP. EXTR. LIBRO DEL ALUMNO","Livre"
"OP NIEUW NIVEAU 1 HAVO/VWO BASISBOEK","Livre"
"CROCOLIVRE CP LIVRE 1 NVELLE ED.2005","Livre"
"LEAVING CERTIFICATE MATHEMATICS 2","Livre"
"LEAVING CERTIFICATE MATHEMATICS 1","Livre"
"BEZONKEN ROOD","Livre"
"350 EXERCICES DE GRAMMAIRE NIVEAU SUPERIEUR II","Livre"
"NEW HOTLINE ELEMENTARY WORKBOOK","Livre"
"GESCHICHTSBUCH 4. NEUE AUSGABE","Livre"
"STERWOORDENBOEK WOLTERS: ENGELS-NEDERLANDS/","Livre"
"ROMA 1. GODEN EN MENSEN. TAALBOEK. 2de DRUK","Livre"
"TANDEM 3 OEFENBOEK+CD-ROM","Livre"
"OP NIEUW NIVEAU 1 HAVO/VWO","Livre"
"CROCOLIVRE LECTURE CP/CE1 LIVRE 1","Livre"
"JUNIOR 2 CAHIER D'EXERCICES","Livre"
"USO DE GRAMATICA ESPANOLA ELEMENTAL","Livre"
"ADVANCED BIOLOGY THROUGH DIAGRAMS","Livre"
"GETAL EN RUIMTE DEEL 3 V1 LEERBOEK","Livre"
"NATURA 1","Livre"
"NEW BREAKAWAY 2 WORKBOOK","Livre"
"NATURA 3","Livre"
"NATURA 2","Livre"
"HISTOIRE - CLASSE DE 1ERE - LE MONDE XIXS-1939","Livre"
"BIOLOGIE HEUTE S II (1998)","Livre"
"THE RENAISSANCE","Livre"
"HISTOIRE-GEOGRAPHIE 6E","Livre"
"HISTOIRE 1RE E.S.L.S","Livre"
"VAN DALE JUNIOR - WOORDENBOEK","Livre"
"JUNIOR 2 - CAHIER","Livre"
"BEGRIJPEND LEZEN DEEL 6","Livre"
"ZIN IN TAAL - JAARGROEP 4 - TAALBOEK A1","Livre"
"TAALDADEN. HAVO EDITIE","Livre"
"ACTIO 1 LATEINISCHES UNTERRICHTSWERK","Livre"
"ADO 3 CAHIER D'EXERCICES","Livre"
"TEXTO PREMIERE LE FRANCAIS EN SEQU.MANUEL","Livre"
"HISTOIRE-GEOGRAPHIE 6e","Livre"
"MODERN SCHOOL ATLAS","Livre"
"DIERCKE WELTALTLAS","Livre"
"DES TEXTES A L'OEUVRE","Livre"
"OP NIEUW NIVEAU PLUS BASISBOEK 1 HAVO/VWO","Livre"
"THE ARAB-ISRAELI CONFLICT","Livre"
"RAPIDO LIBRO DE EJERCICIOS","Livre"
"DIERCKE WELTALAS","Livre"
"SUENA 1 LIBRO DE ALUMNO","Livre"
"GENTE 3 LIBRO DE TRABAJO Y RES.GRAM.+CD NUEVA ED.","Livre"
"VOCABULAIRE ACTIF CM1 FICHIER AUTOCORRECTIF","Livre"
"ELECTIO (RATIO LESEBUCH BD.30)","Livre"
"GRAMMAIRE-450 NOUVEAUX EX. NIVEAU INTERMEDIAIRE","Livre"
"ECONOMIE GENERALE: APPROCHE MACROECONOMIQUE 4","Livre"
"101 ESPERIMENTI DI CHIMICA","Livre"
"DICTIONNAIRE LATIN-FRANCAIS ED.2001","Livre"
"ARTHUR NIVEAU 2 (CE2)","Livre"
"ROME ANTIQUE COLL. VU POCHE JUNIOR","Livre"
"VEN-1, LIBRO DEL ALUMNO","Livre"
"CAUCASIAN CHALK CIRCLE","Livre"
"CHIMICA","Livre"
"REPERES GRAMMATICAUX 1-2","Livre"
"PHYSIK 11 - AUSGABE C","Livre"
"LA CONTROVERSE DE VALLADOID","Livre"
"REKENBOOG 6A LEERLINGENBOEK","Livre"
"VEN 2 LIBRO DE EJERCICIOS","Livre"
"PHYSIQUE CHIMIE 4E COLL.ETINCELLES","Livre"
"ABANICO LIBRO DEL ALUMNO","Livre"
"ACROSS THE BARRICADES","Livre"
"DEUTSCH AKTIV NEU 1B ARBEITSBUCH","Livre"
"FUNDAMENTE KURSTHEMEN DER ASIATISCH-PAZIF.RAUM","Livre"
"VERSTEHEN UND GESTALTEN AUSG.A8 NEUE RECHTSCHREIB.","Livre"
"LAMBACHER SCHWEIZER. BAND 10","Livre"
"NUEVO VEN 1 LIBRO DE EJERCICIOS","Livre"
"VEN-2, LIBRO DEL ALUMNO","Livre"
"STUDDIEPAKKET 5 BEKNOPTE ANALYSE","Livre"
"LES MENAGES ET LES ENTREPRISES","Livre"
"ANTHOLOGIE 2E/1RE TEXTE & PARCOURS EN FR.ET EUROPE","Livre"
"SCIENCES DE LA VIE ET DE LA TERRE - 1re S","Livre"
"CARNET D'ORTHOGRAPHE JE JONGLE AVEC LES MOTS 2E CY","Livre"
"DAS DEUTSCHMOBIL - ARBEITSBUCH 2","Livre"
"OSTIA ALTERA II.TEILBAND 2.1. : TEXTE UND UBUNGEN","Livre"
"WERKSTRUCTUREN IN DE TIJD","Livre"
"VIAGEM NA LINHA","Livre"
"MACHINES AND LIBERTY","Livre"
"HISTOIRE CLASSE DE 1E DERNIERE EDITION","Livre"
"WEGE FINDEN 1/2","Livre"
"BLICKFELD DEUTSCH","Livre"
"RACINES DU FUTUR TOME 3 : DU XVIII A LA 1re GM","Livre"
"VITAAL NEDERLANDS 3 WERKBOEK","Livre"
"CITIZEN KANE","Livre"
"SUPER GAFI METHODE DE LECTURE CP LIVRE ELEVE 1","Livre"
"CHEMIE PLUS 4","Livre"
"JUNIOR 2 - LIVRE","Livre"
"PRECIS DE GEOGRAPHIE-REPERES PRATIQUES","Livre"
"I SPY LEVEL 1 COURSE BOOK","Livre"
"ROMANCE 7","Livre"
"ROMANCE 8","Livre"
"STUDIUM NOVUM 1 LEERBOEK","Livre"
"TANDEM 2 LEERBOEK","Livre"
"STOCHASTIK (LS) LEISTUNGSKURS","Livre"
"MATHEMATIK 10 - épuisé!!!","Livre"
"REKENBOOG 6B WERKSCHRIFT","Livre"
"PHILOSOPHIE TERMINALE L - EPUISE!!!!!","Livre"
"PEOPLE AND THEIR ENVIRONMENT THE PHYSICAL","Livre"
"PHYSICS FOR YOU","Livre"
"LITERATURA ESPANOLA C.O.U.","Livre"
"GRAMMAIRE PROGRESSIVE-NIVEAU INTERMEDIAIRE","Livre"
"SUPER ME 2 FUN BOOK","Livre"
"PORTUGUESISSIMO INICIACAO","Livre"
"PHYSIK N°50209","Livre"
"PRISMA B1 PROGESA LIBRO EJERCICIOS","Livre"
"INDIGO DEEL 1A HAVO/VWO WERKBOEK","Livre"
"NEW BREAKAWAY 2 TEXTBOEK","Livre"
"HISTOIRE GEOGRAPHIE 6E EDITION 1996","Livre"
"KONZEPTE 2 ARBEITSBUCH","Livre"
"USO DE LA GRAMATICA ESPANOLA - ELEMENTAL","Livre"
"CROCOLIVRE LECTURE CP FICHIER 2 NVELLE ED.","Livre"
"GENTE 1 - LIBRO DEL ALUMNO","Livre"
"LA CONJUGACION ESPANOLA (LIBRO AMARILLO)","Livre"
"Das Übungsheft","Livre"
"ENGLISH VOCABULARY IN USE-ELEMENTARY","Livre"
"OSTIA ALTERA BAND 1.1  TEXTE UND UBUNGEN","Livre"
"PRIKKELS-BIO VOOR BASISVORMING MHV 2 LEERBOEK","Livre"
"THE MIDDLE AGES 2nd ED.","Livre"
"LATIN PASSAGES FOR TRANSL.AND COMPR.-épuisé!!!","Livre"
"AVANCE - BASICO-INTERMEDIO","Livre"
"DAS NEUE DEUTSCHMOBIL FUR KIND LEHRBUCH BAND 2","Livre"
