"id","name","model_id:id","group_id:id","perm_read","perm_write","perm_create","perm_unlink"
,,,,,,,
"access_student_fees_register","student.fees.register","model_student_fees_register","school.group_school_administration",1,1,1,1
"access_student_fees_structure","student.fees.structure","model_student_fees_structure","school.group_school_administration",1,1,1,1
"access_student_payslip","student.payslip","model_student_payslip","school.group_school_administration",1,1,1,1
"access_student_payslip_line","student.payslip.line","model_student_payslip_line","school.group_school_administration",1,1,1,1
"access_student_payslip_line_line","student.payslip.line.line","model_student_payslip_line_line","school.group_school_administration",1,1,1,1
"access_student_fees_structure_line","student.fees.structure.line","model_student_fees_structure_line","school.group_school_administration",1,1,1,1
,,,,,,,
"access_student_fees_register","student.fees.register","model_student_fees_register","school.group_school_parent",1,0,0,0
"access_student_fees_structure","student.fees.structure","model_student_fees_structure","school.group_school_parent",1,0,0,0
"access_student_payslip","student.payslip","model_student_payslip","school.group_school_parent",1,0,0,0
"access_student_payslip_line","student.payslip.line","model_student_payslip_line","school.group_school_parent",1,0,0,0
"access_student_payslip_line_line","student.payslip.line.line","model_student_payslip_line_line","school.group_school_parent",1,0,0,0
"access_student_fees_structure_line","student.fees.structure.line","model_student_fees_structure_line","school.group_school_parent",1,0,0,0
,,,,,,,
"access_student_fees_register_stu","student.fees.register","school_fees.model_student_fees_register","school.group_school_student",1,1,0,0
"access_student_fees_structure","student.fees.structure","model_student_fees_structure","school.group_school_student",1,1,0,0
"access_student_payslip_student","student.payslip","school_fees.model_student_payslip","school.group_school_student",1,1,0,0
"access_student_payslip_line_stu","student.payslip.line","school_fees.model_student_payslip_line","school.group_school_student",1,1,0,0
"access_student_payslip_line_line","student.payslip.line.line","model_student_payslip_line_line","school.group_school_student",1,1,0,0
"access_student_fees_structure_line","student.fees.structure.line","model_student_fees_structure_line","school.group_school_student",1,1,0,0
,,,,,,,
"access_student_fees_register","student.fees.register","model_student_fees_register","school.group_school_teacher",1,0,0,0
"access_student_fees_structure","student.fees.structure","model_student_fees_structure","school.group_school_teacher",1,0,0,0
"access_student_payslip","student.payslip","model_student_payslip","school.group_school_teacher",1,0,0,0
"access_student_payslip_line","student.payslip.line","model_student_payslip_line","school.group_school_teacher",1,0,0,0
"access_student_payslip_line_line","student.payslip.line.line","model_student_payslip_line_line","school.group_school_teacher",1,0,0,0
"access_student_fees_structure_line","student.fees.structure.line","model_student_fees_structure_line","school.group_school_teacher",1,0,0,0
