<?xml version="1.0" encoding="utf-8"?>
<openerp>
    <data noupdate="1">
        <record id="sequence_hostel_student" model='ir.sequence.type'>
            <field name="name">Hostel Student</field>
            <field name="code">hostel.student</field>
        </record>
        
        <record id="sequence_hos_stu" model="ir.sequence">
            <field name="name">Hostel Student</field>
            <field name="code">hostel.student</field>
            <field name="padding">3</field>
            <field name="prefix">HOSTU</field>
            <field name="suffix">/%(year)s</field>
        </record>
    </data>
</openerp>