<?xml version="1.0" encoding="utf-8"?>
<openerp>
    <data>
        
        <!-- Hostel Type Form, Tree, Action, Menu View -->
        <record model="ir.ui.view" id="view_hostel_type_form">
            <field name="name">view.hostel.type.form</field>
            <field name="model">hostel.type</field>
            <field name="arch" type="xml">
                <form string="Hostel Type">
                    <sheet style="width: 10%%,height:10%%">
                        <separator string="Hostel"/>
	                    <group col="6">
		                    <field name="name" placeholder="Hostel Name"/>
		                    <field name="type"/>
		                    <field name="rector"/>
	                    </group>
	                    <group col="2">
	                       <field name="other_info"/>
	                    </group>
	                    <separator string="Room Detail"/>
	                    <field name="room_ids">
	                       <tree>
	                           <field name="floor_no"/>
	                           <field name="room_no"/>
	                           <field name="student_per_room"/>
	                           <field name="availability"/>
	                       </tree>
	                       <form>
	                           <group col="4">
	                           <field name="floor_no"/>
                               <field name="room_no"/>
                               <field name="student_per_room"/>
                               <field name="availability"/>
                               <field name="telephone"/>
	                           <field name="ac"/>
	                           <field name="private_bathroom"/>
	                           <field name="guest_sofa"/>
	                           <field name="tv"/>
	                           <field name="internet"/>
	                           <field name="refrigerator"/>
	                           <field name="microwave"/>
	                           </group>
                               <field name="student_ids" colspan="4" nolabel="1">
                                   <form string="Hostel Student">
                                        <header>
                                            <button name="confirm_state" string="Confirm" type="object"/>
                                            <button name="reservation_state" string="Reservation" type="object"/>
                                            <button name="print_fee_receipt" string="Print Fee Slip" type="object" />
                                            <field name="status" widget="statusbar" nolabel="1"/>
                                        </header>
                                        <sheet>
                                            <separator string="Student Detail"/>
                                            <group col="4">
                                                <field name="hostel_id"/>
		                                        <field name="student_id"/>
		                                        <field name="school_id"/>
		                                        <field name="bed_type"  widget="selection"/>
		                                        <field name="admission_date"/>
		                                        <field name="discharge_date"/>
		                                        <field name="room_rent" />
		                                        <field name="paid_amount"/>
		                                        <field name="remaining_amount"/>
		                                    </group>
	                                    </sheet>
                                   </form>
                                   <tree>
                                        <field name="student_id"/>
                                        <field name="room_rent"/>
                                        <field name="paid_amount"/>
                                        <field name="remaining_amount"/>
                                        <field name="status"/>
                                   </tree>
                               </field>
                           </form>
	                    </field>
                    </sheet>
                </form>
            </field>
        </record>
        <record model="ir.ui.view" id="view_hostel_type_tree">
            <field name="name">view.hostel.type.tree</field>
            <field name="model">hostel.type</field>
            <field name="arch" type="xml">
                <tree string="Hostel Type">
                    <field name="name"/>
                    <field name="type"/>
                </tree>
            </field>
        </record>
        <record model="ir.actions.act_window" id="action_hoste_type">
            <field name="name">Hostel Type</field>
            <field name="res_model">hostel.type</field>
            <field name="view_type">form</field>
            <field name="view_mode">tree,form</field>
        </record>
        <menuitem name="Hostel" id="hostel_manin_menu" parent="school.menu_ems" sequence="5"/>
        <menuitem name="Hostel" action="action_hoste_type" id="hostel_type_menu" parent="hostel_manin_menu" groups="school.group_school_administration,school_hostel.group_hostel_manager"/>
        
        <!-- Hostel Room Form, Tree, Action, Menu -->
        <record model="ir.ui.view" id="view_hostel_room_form">
            <field name="name">view.hostel.room.form</field>
            <field name="model">hostel.room</field>
            <field name="arch" type="xml">
                <form string="Hostel Room">
                    <sheet style="width: 10%%,height:10%%">
                        <separator string="Hostel Room"/>
	                    <group col="4">
	                        <field name="name" required="1"/>
	                        <field name="floor_no"/>
	                        <field name="room_no"/>
	                        <field name="student_per_room"/>
	                        <field name="availability"/>
	                        <field name="telephone"/>
                            <field name="ac"/>
                            <field name="private_bathroom"/>
                            <field name="guest_sofa"/>
                            <field name="tv"/>
                            <field name="internet"/>
                            <field name="refrigerator"/>
                            <field name="microwave"/>
	                    </group>
	                </sheet>
                </form>
            </field>
        </record>
        <record model="ir.ui.view" id="view_hostel_room_tree">
            <field name="name">view.hostel.room.tree</field>
            <field name="model">hostel.room</field>
            <field name="arch" type="xml">
                <tree string="Hostel Room" >
                    <field name="name" />
                    <field name="floor_no" />
                    <field name="room_no" />
                    <field name="student_per_room" />
                    <field name="availability" />
                </tree>
            </field>
        </record>
        <record model="ir.actions.act_window" id="action_hoste_room">
            <field name="name">Hostel Room</field>
            <field name="res_model">hostel.room</field>
            <field name="view_type">form</field>
            <field name="view_mode">tree,form</field>
        </record>
        <menuitem name="Hostel Room" action="action_hoste_room" id="hostel_room_menu" parent="hostel_manin_menu" groups="school.group_school_administration,school_hostel.group_hostel_manager,school_hostel.group_hostel_user,school.group_school_student"/>
        
        <!-- Hostel Student Form, Tree, Action, Menu -->
        <record model="ir.ui.view" id="view_hostel_student_form">
            <field name="name">view.hostel.student.form</field>
            <field name="model">hostel.student</field>
            <field name="arch" type="xml">
                <form string="Hostel Student" >
                    <header>
                        <button name="confirm_state" string="Confirm" type="object" groups="school.group_school_administration,school_hostel.group_hostel_manager,school_hostel.group_hostel_user"/>
                        <button name="reservation_state" string="Reservation" type="object" groups="school.group_school_administration,school_hostel.group_hostel_manager,school_hostel.group_hostel_user"/>
                        <button name="print_fee_receipt" string="Print Fee Slip" type="object" groups="school.group_school_administration,school_hostel.group_hostel_manager,school_hostel.group_hostel_user"/>
                        <field name="status" widget="statusbar" nolabel="1" />
                    </header>
                    <sheet>
                        <separator string="Hostel student"/>
                        <group col="4" colspan="4">
                            <field name="student_id" />
                            <field name="hostel_id" /> 
                            <field name="admission_date" />
                            <field name="discharge_date" />
                            <field name="room_rent" />
                            <field name="bed_type"  widget="selection"/>
                            <field name="paid_amount" />
                            <field name="remaining_amount" />
                       </group>
                    </sheet>
                </form>
            </field>
        </record>
        <record model="ir.ui.view" id="view_hostel_student_tree">
            <field name="name">view.hostel.room.student</field>
            <field name="model">hostel.student</field>
            <field name="arch" type="xml">
                <tree string="Hostel student" >
                    <field name="hostel_id" />
                    <field name="student_id" />
                    <field name="admission_date" />
                    <field name="discharge_date" />
                    <field name="room_rent" />
                    <field name="paid_amount" />
                    <field name="remaining_amount" />
                    <field name="status" />
                </tree>
            </field>
        </record>
        
        <record model="ir.ui.view" id="view_hostel_student_search">
            <field name="name">view.hostel.room.student.search</field>
            <field name="model">hostel.student</field>
            <field name="arch" type="xml">
                <search string="Hostel student" >
                    <field name="hostel_id" />
                    <field name="student_id" />
                    <field name="admission_date" />
                    <field name="discharge_date" />
                    <field name="room_rent" />
                    <field name="paid_amount" />
                    <field name="remaining_amount" />
                    <field name="status" />
                    <group expand="0" string="Group By..." colspan="6" col="4">
                        <filter string="Student" icon="terp-personal" name="student_id" context="{'group_by':'student_id'}"/>
                    </group>
                </search>
            </field>
        </record>
        
        <record model="ir.actions.act_window" id="action_hoste_student_button">
            <field name="name">Hostel student</field>
            <field name="res_model">hostel.student</field>
            <field name="view_type">form</field>
            <field name="view_mode">tree,form</field>
            <field name="context">{'search_default_student_id': active_id}</field>
        </record>

        <record model="ir.ui.view" id="view_student_student_form2">
            <field name="name">student.student.form</field>
            <field name="model">student.student</field>
            <field name="inherit_id" ref="school.view_student_student_form_1"/>
            <field name="arch" type="xml">
                <data>
                    <xpath expr="//div[@name='buttons']" position="inside">
                        <button name="%(action_hoste_student_button)d" type="action" class="oe_right oe_stat_button">
                        	<img src="/school_hostel/static/description/hostel.jpg" style="height:25px;width:50px;float:left;"/>
                        	<lable style="">Hostel</lable>
                        </button>
                    </xpath>
                </data>
            </field>
        </record>
        
        <record model="ir.actions.act_window" id="action_hoste_student">
            <field name="name">Hostel Student</field>
            <field name="res_model">hostel.student</field>
            <field name="view_type">form</field>
            <field name="view_mode">tree,form</field>
        </record>
        
        <record id="student_hostel_student_record" model="ir.rule">
            <field name="name">Personal Hostel student Record</field>
            <field ref="school_hostel.model_hostel_student" name="model_id"/>
            <field eval="1" name="global"/>
            <field name="domain_force">[('student_id.user_id','=',user.id)]</field>
            <field name="groups" eval="[(4, ref('school.group_school_student'))]"/>
        </record> 
        <menuitem name="Hostel Student" action="action_hoste_student" id="hostel_student_menu" parent="hostel_manin_menu" groups="school.group_school_administration,school_hostel.group_hostel_manager,school_hostel.group_hostel_user,school.group_school_student"/>
        
        <!--Bad Type Search View  -->
        <record model="ir.ui.view" id="bed_type_search">
            <field name="name">bed_type_Search</field>
            <field name="model">bed.type</field>
            <field name="arch" type="xml">
                <search string="Bad Type Search">
                    <field name = "name"/>
                    <field name = "description"/>
                </search>
            </field>
        </record>

        <!-- Bad Type Form View  -->
        <record model="ir.ui.view" id="bed_type_form">
             <field name="name">bed_type_Form</field>
             <field name="model">bed.type</field>
             <field name="arch" type="xml">
                 <form string="Bad Type Form">
                      <sheet>
                            <group col="4" colspan="4">
                               <field name = "name"/><newline/>
                               <field name = "description"/>
                            </group>
                     </sheet>
                </form>
            </field>
        </record>

        <!-- Bad Type Tree View  -->
        <record model="ir.ui.view" id="bed_type_tree">
              <field name="name">bed_type_Tree</field>
              <field name="model">bed.type</field>
              <field name="arch" type="xml">
                    <tree string="Bad Type">
                        <field name = "name"/>
                    	<field name = "description"/>
                    </tree>
              </field>
        </record>

        <!-- Bad Type-->
        <record id="action_bed_type" model="ir.actions.act_window">
            <field name="name">Bed Type</field>
            <field name="res_model">bed.type</field>
            <field name="view_type">form</field>
            <field name="view_mode">tree,form</field>
        </record>

        <menuitem id="menu_hostel" parent="school.menu_configuration" name="Hostel" sequence="4"/>
        <menuitem action="action_bed_type" name="Bed Type" parent="menu_hostel" id="menu_bed_type" sequence="1" />

    </data>
</openerp>