<?xml version="1.0"?>
<openerp>
    <data>
    
    <!-- General structure of a workflow XML file -->
        <record model="workflow" id="wkf_event">
            <field name="name">event.wkf</field>
            <field name="osv">school.event</field>
            <field name="on_create">True</field>
        </record>

         <!-- Event Procedure Workflow Activities -->
        <record model="workflow.activity" id="ev_act_draft">
            <field name="wkf_id" ref="wkf_event" />
            <field name="flow_start">True</field>
            <field name="name">draft</field>
            <field name="kind">function</field>
           <field name="action">event_draft()</field> 
        </record>

        <record model="workflow.activity" id="ev_act_open">
            <field name="wkf_id" ref="wkf_event" />
            <field name="name">open</field>   
            <field name="kind">function</field>
            <field name="action">event_open()</field> 
        </record>

        <record model="workflow.activity" id="ev_act_close">
            <field name="wkf_id" ref="wkf_event" />
            <field name="name">close</field>
            <field name="flow_stop">True</field>
            <field name="kind">function</field>
            <field name="action">event_close()</field> 
        </record>
        
        <record model="workflow.activity" id="ev_act_cancel">
            <field name="wkf_id" ref="wkf_event" />
            <field name="name">cancel</field>
            <field name="flow_stop">True</field>
            <field name="kind">function</field>
            <field name="action">event_cancel()</field> 
        </record>
        
        <!-- Event Procedure Workflow transition -->
        <record model="workflow.transition" id="t1">
            <field name="act_from" ref="ev_act_draft" />
            <field name="act_to" ref="ev_act_open" />
            <field name="signal">event_open</field>
        </record>

        <record model="workflow.transition" id="t2">
            <field name="act_from" ref="ev_act_open" />
            <field name="act_to" ref="ev_act_close" />
            <field name="signal">event_close</field>
        </record>
        
        <record model="workflow.transition" id="t3">
            <field name="act_from" ref="ev_act_cancel" />
            <field name="act_to" ref="ev_act_draft" />
            <field name="signal">event_draft</field>
        </record>
        
        <record model="workflow.transition" id="t4">
            <field name="act_from" ref="ev_act_open" />
            <field name="act_to" ref="ev_act_cancel" />
            <field name="signal">event_cancel</field>
        </record>

        <record model="workflow.transition" id="t5">
            <field name="act_from" ref="ev_act_close" />
            <field name="act_to" ref="ev_act_cancel" />
            <field name="signal">event_cancel</field>
        </record>

    </data>
</openerp>

