<?xml version="1.0"?>
<openerp>
	<data>

		<!-- Student Information Form View -->
        <record model="ir.ui.view" id="school_standard_form_view">
        	<field name="name">school.standard.form</field>
            <field name="model">school.standard</field>
            <field name="inherit_id" ref="school.view_school_standard_form"/>
            <field name="arch" type="xml">
            	<data>
                    <xpath expr="//page[@string = 'Subjects']" position="after">
                        <page string="Events">
                            <field name="event_ids" nolabel= '1'/>
                        </page>
                    </xpath>
                </data>
            </field>
        </record>

		<!-- Student Standard Form View -->
        <record model="ir.ui.view" id="student_standard_form_view">
            <field name="name">student.student.form</field>
            <field name="model">student.student</field>
            <field name="inherit_id" ref="school.view_student_student_form_1"/>
            <field name="arch" type="xml">
                <data>
                    <xpath expr="//page[@string = 'General']" position="after">
                        <page string="Events">
                            <field name="event_ids" nolabel= '1'/>
                        </page>
                    </xpath>
                </data>
            </field>
        </record>

        <!-- Event Participation Tree View -->
        <record model="ir.ui.view" id="participant_event_tree_view">
            <field name="name">participant.tree.2</field>
            <field name="model">school.event.participant</field>
            <field name="arch" type="xml">
                <tree string="Event Participant Information">
                    <field name="stu_pid"/>
                    <field name="name"/>
                    <field name="event_id"/>
                    <field name="win_parameter_id"/>
                    <field name="score"/>
                    <field name="sequence"/>
                </tree>
            </field>
        </record>
        
        <!-- Event Participation form view -->
        <record model="ir.ui.view" id="participant_event_form_view">
            <field name="name">participant.form.2</field>
            <field name="model">school.event.participant</field>
            <field name="arch" type="xml">
                <form string="Event Participant Information">
                    <sheet>
                        <separator string="Event Participant"/>
                        <group col="4" colspan="4">
		                    <field name="stu_pid"/>
		                    <field name="name"/>
		                    <field name="event_id"/>
		                    <field name="win_parameter_id"/>
		                    <field name="score"/>
		                    <field name="sequence"/>
		                 </group>
                    </sheet>
                </form>
            </field>
        </record>

        <!-- Event Participation Search View -->
        <record model="ir.ui.view" id="participant_event_search_view">
            <field name="name">participant.search.2</field>
            <field name="model">school.event.participant</field>
            <field name="arch" type="xml">
                <search string="Search">
                    <group col="10" colspan="4">
                        <field name="name" select="1"/>
                        <field name="event_id" select="1"/>
                        <field name="score" select="1"/>
                        <field name="sequence" select="1"/>
                    </group>
                    <newline/>
                    <group expand="0" string="Group By" colspan="12" col="10">
                        <filter icon="terp-personal" string="Name" 
                            help="By Name" context="{'group_by':'name'}"/>
                        <separator orientation="vertical"/>
                        <filter icon="terp-stock_symbol-selection" 
                            string="Event" help="By Event Name" context="{'group_by':'event_id'}"/>
                    </group>
                </search>
            </field>
        </record>

	    <!-- Event parameter Tree View -->
        <record model="ir.ui.view" id="parameter_event_tree_view">
            <field name="name">event.parameter.tree</field>
            <field name="model">school.event.parameter</field>
            <field name="arch" type="xml">
                <tree string="Event Parameter">
                    <field name="name"/>
                </tree>
            </field>
        </record>

        <!-- Event parameter Form View -->
        <record model="ir.ui.view" id="parameter_event_form_view">
            <field name="name">event.parameter.form</field>
            <field name="model">school.event.parameter</field>
            <field name="arch" type="xml">
                <form string="Event Parameter">
                    <sheet>
                    <group>
                    <field name="name"/>
                    </group>
                    </sheet>
                </form>
            </field>
        </record>
        
        <!-- Event parameter Search View -->
        <record model="ir.ui.view" id="parameter_event_search_view">
            <field name="name">event.parameter.search</field>
            <field name="model">school.event.parameter</field>
            <field name="arch" type="xml">
                <search string="Event Parameter">
                    <field name="name"/>
                </search>
            </field>
        </record>

    
       <!-- Event Information Tree View -->
       <record model="ir.ui.view" id="school_event_tree_view">
            <field name="name">event.tree.1</field>
            <field name="model">school.event</field>
            <field name="arch" type="xml">
                <tree string="Event Information" colors="blue:state=='open';red:state in ('close')">
                    <field name="name"/>
                    <field name="start_date"/>
                    <field name="end_date"/>
                    <field name="state"/>
                    <field name="contact_per_id"/>
                    <field name="part_ids"/>
                </tree>
            </field>
       </record>

       <!-- Event Information Form View -->
       <record model="ir.ui.view" id="school_event_form_view">
            <field name="name">event.form.1</field>
            <field name="model">school.event</field>
            <field name="arch" type="xml">
                <form string="Event Information">
                    <header>
                        <button name="event_open" icon="terp-gtk-go-back-rtl" type="object"
                            string="Open" states="draft" groups="school.group_school_administration,school.group_school_teacher"/> 
                        <button name="event_draft" icon="terp-gtk-go-back-ltr" type="object"
                            string="Draft" states="cancel" groups="school.group_school_administration,school.group_school_teacher"/> 
                        <button name="event_close" type="object" icon="gtk-cancel" string="Close" states="open" groups="school.group_school_administration,school.group_school_teacher"/>
                        <field name="state" nolabel="1" widget="statusbar"/>
                    </header>
                    <sheet>
                     <separator string="Event Information"/>
                    <group colspan="4" col="4" attrs="{'readonly':[('state','!=','draft')]}">
                        <field name="name" placeholder="Enter Event Name"/>
                        <field name="code" string="Organiser school" placeholder="Select Or Create School"/>
                        <group colspan="4" col="4">
                        <field name="start_reg_date" placeholder="Enter Start Date Of Registration"/>
                        <field name="last_reg_date" placeholder="Enter Last Date Of Registration"/>
                        <field name="start_date" placeholder="Start Date Of Event"/>
                        <field name="end_date" placeholder="End Date Of Event"/>
                        <field name="contact_per_id" placeholder="Select Or Create Organiser Name" />
                        <field name="supervisor_id" placeholder="Select Or Create Supervisor Name" />
                        <field name="maximum_participants"/>
                        <field name="parameter_id" widget="selection"/>
                        <field name="is_holiday"/>
                        <field name="participants" readonly="1"/>
                        </group>
                    </group>
                    <notebook colspan="4">
                        <page string="Participated Standards" 
                            attrs="{'readonly':[('state','!=','draft')]}">
                            <field name="part_standard_ids" nolabel='1' />
                        </page>
                        <page string="Participants">
                            <field name="part_ids" nolabel='1'>
                                <tree string="Participant Information">
                                    <field name="stu_pid"/>
                                    <field name="name"/>
                                    <field name="score"/>
                                    <field name="sequence"/>
                                </tree>
                                <form string="Participant Information">
                                    <group col="6" colspan="4">
                                        <field name="stu_pid"/>
                                        <field name="name"/>
                                        <field name="event_id"/>
                                        <field name="win_parameter_id"/>
                                        <field name="score"/>
                                        <field name="sequence"/>
                                    </group>
                                </form>
                            </field>
                        </page>
                    </notebook>
                    </sheet>
                </form>
            </field>
        </record>

        <!-- Event Information Search View -->
        <record model="ir.ui.view" id="school_event_search_view">
            <field name="name">event.search.1</field>
            <field name="model">school.event</field>
            <field name="arch" type="xml">
                <search string="Search">
                    <group string="Filter" col="10" colspan="4">
                        <filter string="Open" domain="[('state','=','open')]" icon="terp-camera_test"/>
                        <filter string="Close" domain="[('state','=','close')]" icon="gtk-close"/>
                        <filter string="Cancel" domain="[('state','=','cancel')]" icon="gtk-cancel"/>
                        <field name="name" select="1"/>
                        <separator orientation="vertical"/>
                        <field name="contact_per_id" select="1" />
                        <separator orientation="vertical"/>
                        <field name="supervisor_id" select="1"/>
                    </group>
                    <newline/>
                    <group expand="0" string="Group By" colspan="12" col="10">
                        <filter string="This Month" icon="terp-go-month" name="this_month" 
                            domain="[('start_date','&lt;=',(context_today()+relativedelta
                            (day=31)).strftime('%%Y-%%m-%%d')),('start_date','&gt;=',(context_today()-relativedelta(day=1)).strftime('%%Y-%%m-%%d'))]"
                            help="Events in current month"/>
                        <separator orientation="vertical"/>
                        <filter icon="terp-personal" string="Contact Person" help="By Contact Person" context="{'group_by':'contact_per_id'}"/>
                        <separator orientation="vertical"/>
                        <filter icon="terp-personal" string="Supervisor" help="By Supervisor" context="{'group_by':'supervisor_id'}"/>
                        <separator orientation="vertical"/>
                        <filter icon="terp-stock_symbol-selection" string="Start Date" help="By Start Date" context="{'group_by':'start_date'}"/>
                        <separator orientation="vertical"/>
                        <filter icon="terp-stock_symbol-selection" string="State" 
                            help="By State" context="{'group_by':'state'}"/>
                    </group>
                </search>
            </field>
        </record>

       	<!-- Event Information calander View -->        
        <record model="ir.ui.view" id="school_event_calander_view" >
            <field name="name">event.calendar</field>
            <field name="model">school.event</field>
            <field name="arch" type="xml">
            <calendar color="name" date_start="start_date" string="Events">
                <field name="name"/>
                <field name="start_date"/>
                <field name="end_date"/>
            </calendar>
            </field>
        </record>
        
        <!-- Dashboard Event Kanban View -->
        <record model="ir.ui.view" id="student_event_kanban_view">
            <field name="name">Event KANBAN</field>
            <field name="model">school.event</field>
            <field name="arch" type="xml">
                <kanban default_group_by="start_date">
                    <field name="name"/>
                    <field name="start_date"/>
                    <field name="color"/>
                    <templates>
                        <t t-name="kanban-box">
                                 <div t-attf-class="oe_kanban_color_#{kanban_getcolor(record.color.raw_value)} oe_kanban_card oe_kanban_global_click">
                                      <div class="oe_dropdown_toggle oe_dropdown_kanban">
                                     <span class="oe_e">í</span>
                                         <ul class="oe_dropdown_menu">
                                            <t t-if="widget.view.is_action_enabled('edit')"><li><a type="edit">Edit...</a></li></t>
                                            <t t-if="widget.view.is_action_enabled('delete')"><li><a type="delete">Delete</a></li></t>
                                            <li><ul class="oe_kanban_colorpicker" data-field="color"/></li>
                                        </ul>
                                        </div>
                                        <div class="oe_kanban_box_header oe_kanban_color_bgdark oe_kanban_color_border oe_kanban_draghandle">
                                        <table class="oe_kanban_table">
                                            <tr>
                                                <td class="oe_kanban_title1" align="left" valign="middle" style="padding-left:10px;">
                                                    <h4><a type="open">
                                                        <field name="start_date"/>
                                                        <field name="name"/>
                                                        </a>
                                                    </h4>
                                                </td>
                                            </tr>
                                        </table>
                                    </div>
                                    <div class="oe_kanban_box_content oe_kanban_color_bglight oe_kanban_box_show_onclick_trigger oe_kanban_color_border">
                                        <table class="oe_kanban_table" >
                                            <tr width="300">
                                                <td valign="top" align="left" style="padding-left:10px;">
                                                    <table>
                                                        <tr>
                                                            <td>Name :</td><td style="padding-left:10px;"><b><field name="name"/></b></td>
                                                        </tr>
                                                        <tr>
                                                            <td>Start Date : </td><td style="padding-left:10px;"><b><field name="start_date"/></b></td>
                                                        </tr>
                                                        <tr>
                                                            <td>Contact Faculty : </td><td style="padding-left:10px;"><b><field name="contact_per_id"/></b></td>
                                                        </tr>
                                                    </table>
                                                </td>
                                            </tr>
                                        </table>
                                    </div>
                                    <div class="oe_kanban_buttons_set oe_kanban_color_border oe_kanban_color_bglight oe_kanban_box_show_onclick">
                                        <div class="oe_kanban_left">
                                            <a string="Edit" icon="gtk-edit" type="edit"/>
                                            <a string="Change Color" icon="color-picker" type="color" name="color"/>
                                        </div>
                                        <br class="oe_kanban_clear"/>
                                    </div>
                                </div>
                        </t>
                    </templates>
                </kanban>
            </field>
        </record>

 		<!-- Event Information Action -->
        <record model="ir.actions.act_window" id="action_school_event_form_1">
            <field name="name">Event Information</field>
            <field name="res_model">school.event</field>
            <field name="view_type">form</field>
            <field name="view_mode">kanban,tree,form,calendar</field>
        </record>          
         
		<!--school Event registratoin form -->
 	 	<record model="ir.ui.view" id="event_registration_form">
            <field name="name">event.registration.form</field>
            <field name="model">school.event.registration</field>
            <field name="arch" type="xml">
                <form string="Event Registration">
                    <header>
                            <button name="regi_confirm" string="Confirm" icon="gtk-apply" 
                                states="draft" type='object' groups="school.group_school_administration,school.group_school_teacher" />
                            <button name="regi_cancel" string="Cancel" icon="gtk-cancel" 
                                states="draft,confirm" type='object' groups="school.group_school_administration,school.group_school_teacher"/>
                             <field name="state" widget="statusbar" nolabel="1"/>
                    </header>
                    <sheet>
                    <separator string="Event Registration"/>
                    <group colspan="4" col="4" attrs="{'readonly':[('state','!=','draft')]}">
                        <field name="part_name_id" context="{'name':name}" placeholder="Select Or Create Participant Name"/>
                        <field name="name" context="{'part_name_id':part_name_id}" placeholder="Select Or Create Event Name"/>
                        <field name="reg_date" />
                         <field name="is_holiday"/>
                     </group>
                    </sheet>
                 </form>
             </field>
        </record>

  		<!--Event Registration Tree	-->
		<record model="ir.ui.view" id="school_event_registration_tree_view">
            <field name="name">event.registration.tree</field>
            <field name="model">school.event.registration</field>
            <field name="arch" type="xml">
                <tree string="Event Registration">
                        <field name="part_name_id"/>
                        <field name="name"/>
                        <field name="reg_date"/>
                        <field name="state"/>
                </tree>
            </field>
     	</record>
	
		<!--Event Registration search	-->
	 	<record model="ir.ui.view" id="school_event_registration_search_view">
            <field name="name">event.registration.search</field>
            <field name="model">school.event.registration</field>
            <field name="arch" type="xml">
            	<search string ="Search Registrations"> 	
                	<group string="Filter" col="10" colspan="4">
                        <filter string="Draft" domain="[('state','=','draft')]" icon="terp-camera_test"/>
                        <filter string="Confirm" domain="[('state','=','confirm')]" icon="gtk-close"/>
                        <filter string="Cancel" domain="[('state','=','cancel')]" icon="gtk-cancel"/>
                        <field name="name" select="1"/>
                        <separator orientation="vertical"/>
                        <field name="part_name_id" select="1"/>
                    </group>
                    <newline/>
                    	<group expand="0" string="Group By" colspan="12" col="10">
                        <filter string="Today" icon="terp-go-month" name="today"
                             domain="[('reg_date','=',context_today().strftime('%%Y-%%m-%%d'))]"
                            help="Event Registration in today"/>   
                        <separator orientation="vertical"/>
                        <filter icon="terp-personal" string="Event Name" help="By Event name" context="{'group_by':'name'}"/>
                        <separator orientation="vertical"/>
                        <filter icon="terp-personal" string="Participater" help="By Participater" context="{'group_by':'part_name_id'}"/>
                        <separator orientation="vertical"/>
                        <filter icon="terp-stock_symbol-selection" string="Registration Date" help="By Start Date" context="{'group_by':'reg_date'}"/>
                    </group>
                </search>
            </field>
      	</record>

        <!-- Event Parameter Action -->
        <record model="ir.actions.act_window" id="action_event_parameter">
            <field name="name"> Event Perameter</field>
            <field name="res_model">school.event.parameter</field>
            <field name="view_type">form</field>
            <field name="view_mode">tree,form</field>
        </record>

        <!-- Event Participant Action -->
        <record model="ir.actions.act_window" id="action_school_event_Participant_tree">
            <field name="name">Event Participant</field>
            <field name="res_model">school.event.participant</field>
            <field name="view_type">form</field>
            <field name="view_mode">tree,form</field>
        </record>

   		<!-- Event Registration Action -->
        <record model="ir.actions.act_window" id="action_school_event_registration_form">
            <field name="name">Event Registration</field>
            <field name="res_model">school.event.registration</field>
            <field name="view_type">form</field>
            <field name="view_id" ref="event_registration_form"/>
            <field name="view_mode">form,tree</field>
        </record>
         <!-- Event Dashboard View for all user -->
        <record id="event_info_dashboard_view" model="ir.ui.view">
            <field name="name">inherit.event.board.view</field>
            <field name="model">board.board</field>
            <field name="type">form</field>
            <field name="inherit_id" ref="school.board_my_dash_view"/>
            <field name="arch" type="xml">
                <xpath expr="/form/board/column[2]" position="inside">
                    <action name="%(action_school_event_form_1)d" string="Events Information" />
                </xpath>
            </field>
        </record>
    
        <!-- Menu Items for Event -->
	    <menuitem
		    name="Event Information" parent="school.menu_ems"
	    	id="menu_event_form_1" sequence="4"/>
	
		<menuitem
            name="Event Informations" parent="menu_event_form_1"
            id="menu_event_sub_form_1" 
            action="action_school_event_form_1"/>
   
        <menuitem
            name="Event Registration" parent="menu_event_form_1"
            id="menu_event_registration_form"
            action="action_school_event_registration_form"/>
        <menuitem
            name="Event Participant" parent="menu_event_form_1"
            id="menu_event_Participant"
            action="action_school_event_Participant_tree"/>
       
		<menuitem
            name="Event" parent="school.menu_configuration"
            id="menu_event_parameter"/>  
        <menuitem
            name="Event Parameter" parent="menu_event_parameter"
            id="menu_event_sub_parameter" action="action_event_parameter"
            sequence="1"/>
		
        <!-- Event rule for Teacher -->
        <record id="school_rule_event_teacher_record" model="ir.rule">
            <field name="name">School Event For Teacher</field>
            <field ref="model_school_event" name="model_id"/>
            <field eval="1" name="global"/>
            <field name="domain_force">["|",('contact_per_id.user_id','=',user.id) , ('supervisor_id.user_id','=',user.id) ]</field>
            <field name="groups" eval="[(4, ref('school.group_school_teacher'))]"/>
         </record>	

		<record id="student_rule_event_record" model="ir.rule">
            <field name="name">Personal Event Record</field>
            <field ref="model_school_event" name="model_id"/>
            <field eval="1" name="global"/>
            <field name="domain_force">[('part_standard_ids.student_ids.id','=',user.id)]</field>
            <field name="groups" eval="[(4, ref('school.group_school_student'))]"/>
         </record>
         
         <record id="student_rule_event_regi_record" model="ir.rule">
            <field name="name">Personal Event REgistation Record</field>
            <field ref="model_school_event_registration" name="model_id"/>
            <field eval="1" name="global"/>
            <field name="domain_force">[('part_name_id.user_id','=',user.id)]</field>
            <field name="groups" eval="[(4, ref('school.group_school_student'))]"/>
         </record> 

         
    </data>
</openerp>