<?xml version="1.0" encoding="utf-8"?>
<openerp>
	<data>

		<!-- Attendance Sheet Information From View -->
		<record model="ir.ui.view" id="view_attendance_sheet_form">
			<field name="name">attendance.sheet.form</field>
			<field name="model">attendance.sheet</field>
			<field name="arch" type="xml">
				<form string="Attendance Sheet" >
					<group col="6" colspan="6">
						<field name="name" />
					</group>
					<group col="6" colspan="4">
						<field name="standard_id" widget="selection" on_change="onchange_class_info(standard_id)"/>
					</group>
					<newline />
					<group col="4">
						<field name="year_id" widget="selection"
							colspan="2" />
						<field name="month_id" widget="selection" colspan="2" />
					</group>
					<notebook colspan="4">
						<page string="Attendances">
							<field name="attendance_ids" nolabel="1"
								colspan="4">
								<tree string="Monthly Attendance" editable="bottom" create="false" delete="false">
									<field name="roll_no"/>
									<field name="name"/>
									<field name="one"/>
									<field name="two"/>
									<field name="three"/>
									<field name="four"/>
									<field name="five"/>
									<field name="six"/>
									<field name="seven"/>
									<field name="eight"/>
									<field name="nine"/>
									<field name="ten"/>
									<field name="one_1"/>
									<field name="one_2"/>
									<field name="one_3"/>
									<field name="one_4"/>
									<field name="one_5"/>
									<field name="one_6"/>
									<field name="one_7"/>
									<field name="one_8"/>
									<field name="one_9"/>
									<field name="one_0"/>
									<field name="two_1"/>
									<field name="two_2"/>
									<field name="two_3"/>
									<field name="two_4"/>
									<field name="two_5"/>
									<field name="two_6"/>
									<field name="two_7"/>
									<field name="two_8"/>
									<field name="two_9"/>
									<field name="two_0"/>
									<field name="three_1"/>
									<field name="percentage"
										widget="progressbar"/>
								</tree>
								<form string="Monthly Attendance">
									<group col="6" colspan="4">
										<field name="roll_no"/>
										<field name="name"/>
										<field name="one"/>
										<field name="two"/>
										<field name="three"/>
										<field name="four"/>
										<field name="five"/>
										<field name="six"/>
										<field name="seven"/>
										<field name="eight"/>
										<field name="nine"/>
										<field name="ten"/>
										<field name="one_1"/>
										<field name="one_2"/>
										<field name="one_3"/>
										<field name="one_4"/>
										<field name="one_5"/>
										<field name="one_6"/>
										<field name="one_7"/>
										<field name="one_8"/>
										<field name="one_9"/>
										<field name="one_0"/>
										<field name="two_1"/>
										<field name="two_2"/>
										<field name="two_3"/>
										<field name="two_4"/>
										<field name="two_5"/>
										<field name="two_6"/>
										<field name="two_7"/>
										<field name="two_8"/>
										<field name="two_9"/>
										<field name="two_0"/>
										<field name="three_1"/>
									</group>
								</form>
							</field>
						</page>
					</notebook>
				</form>
			</field>
		</record>

		<!--  Attendance Sheet Information Tree View -->
		<record model="ir.ui.view" id="view_attendance_sheet_tree">
			<field name="name">attendance.sheet.tree</field>
			<field name="model">attendance.sheet</field>
			<field name="arch" type="xml">
				<tree string="Attendance Sheet" create="0">
					<field name="name" />
					<field name="standard_id"/>
					<field name="month_id"/>
					<field name="year_id"/>
				</tree>
			</field>
		</record>

		<!-- Attendance Sheets Information Search View -->

		<record model="ir.ui.view" id="view_attendance_sheet_search">
			<field name="name">attendance.sheet.search</field>
			<field name="model">attendance.sheet</field>
			<field name="arch" type="xml">
				<search string="Monthly Attendance Sheet">
					<group col="10" colspan="4">

						<separator orientation="vertical"/>
						<field name="standard_id" select="1"/>

					</group>
					<newline />

					<group expand="0" string="Group By..." colspan="12"
						col="10">

						<filter icon="terp-project" string="Class"
							help="By Class" context="{'group_by':'standard_id'}"/>
					</group>
				</search>
			</field>
		</record>

		<!-- Attendance Sheet Information Action -->
		<record model="ir.actions.act_window" id="action_attendance_sheet_form">
			
			<field name="name">Attendance Sheet</field>
			<field name="res_model">attendance.sheet</field>
			<field name="view_type">form</field>
			<field name="view_mode">form,tree</field>
		</record>

		<menuitem name="Attendance" parent="school.menu_ems"
			id="menu_attendance" sequence="8"/>


		<!-- Daily Attendance Information Form View -->
		<record model="ir.ui.view" id="view_daily_attendance_form">
			<field name="name">daily.attendance.form</field>
			<field name="model">daily.attendance</field>
			<field name="arch" type="xml">
				<form string="Daily Attendance Information">
					<header>
                        <button name="attendance_validate" string="Validate" states="draft" type="object"/>
                        <button name="attendance_draft" string="Reset To Draft" states="validate" type="object"/>
                        <field name="state" widget="statusbar"/>
					</header>
				<sheet>
				<separator string="Daily Attendance Sheet"/>	
                	<group colspan="4" col="4">
                        <field name="user_id" placeholder="Select Or Create Faculty"/>
						<field name="standard_id"
		                            on_change="onchange_standard_id(standard_id)"
		                            widget="selection" />
						<field name="date"/>
					</group>
					<notebook colspan="4">
						<page string="Students">
							<field name="student_ids" nolabel="1"
								colspan="4">
								<tree string="Student Information"
									editable="top">
									<field name="roll_no" required="1"/>
									<field name="stud_id" required="1"/>
 									<field name="is_present" attrs="{'readonly':[('is_absent','=',True)]}"/> 
									<field name="is_absent" attrs="{'readonly':[('is_present','=',True)]}"/>
								</tree>
								<form string="Student Information">
									<group col="4">
										<field name="stud_id"
											on_change="onchange_name(stud_id)" >
										<field name="roll_no"/>
 										<field name="is_present"
 											attrs="{'readonly':[('is_absent','=',True)]}" 
 											on_change="onchange_is_present_option(is_present)"/> 
										<field name="is_absent"
											attrs="{'readonly':[('is_present','=',True)]}"/>
										</field>
									</group>
								</form>
							</field>
							<group col="2" string="Classroom Indicator">
								<field name="total_student"/>
                                <field name="total_presence"/>
                                <field name="total_absent"/>
                            </group>
						</page>
					</notebook>
				</sheet>
				</form>
			</field>
		</record>
		
		<!-- Standard Student Information Search View -->
		<record model="ir.ui.view" id="view_daily_attendance_search">
			<field name="name">daily.attendance.search</field>
			<field name="model">daily.attendance</field>
			<field name="arch" type="xml">
				<search string="Daily Attendance Sheet">
					<group col="10" colspan="4">
						<separator orientation="vertical"/>
						<field name="standard_id" select="1"/>
					</group>
					<newline/>
					<group expand="0" string="Group By..." colspan="12"
						col="10">
						<filter icon="terp-project" string="Class" help="By Class" context="{'group_by':'standard_id'}"/>
					</group>
				</search>
			</field>
		</record>
		<!-- Daily Attendance Information Tree View -->
        <record model="ir.ui.view" id="view_daily_attendance_tree">
            <field name="name">daily.attendance.tree</field>
            <field name="model">daily.attendance</field>
            <field name="arch" type="xml">
                <tree string="Daily Attendance Information">
                    <field name="date"/>
                    <field name="state"/>
                    <field name="user_id"/>
                    <field name="standard_id"/>
                    <field name="student_ids">
                          <field name="roll_no"/>
                          <field name="stud_id"/>
                    </field>
                </tree>
            </field>
        </record>
        
		<!-- Daily Attendance Information Action -->
		<record model="ir.actions.act_window"
			id="action_daily_attendance_form">
			<field name="name">Daily Attendance Information</field>
			<field name="res_model">daily.attendance</field>
			<field name="view_type">form</field>
			<field name="view_mode">tree,form</field>
		</record>
		<menuitem name="Daily Attendance Sheets" parent="menu_attendance"
            id="menu_daily_attendances"  action="action_daily_attendance_form"/>
		
	</data>
</openerp>
