<?xml version="1.0"?>
<openerp>
    <data>
        
        <!-- Student Information Form View -->
        <record model="ir.ui.view" id="view_student_student_form2">
            <field name="name">student.student.form</field>
            <field name="model">student.student</field>
            <field name="inherit_id" ref="school.view_student_student_form_1"/>
            <field name="arch" type="xml">
                <data>
                    <xpath expr="//page[@string = 'General']" position="after">
                        <page string="Transport">
                            <separator string="Transportation Details" colspan="4"/>
                            <field name="transport_ids" nolabel= '1'/>
                        </page>
                    </xpath>
                </data>
            </field>
        </record>

        <!-- Driver Information Tree View -->
        <record model="ir.ui.view" id="view_bus_driver_tree">
            <field name="name">bus.driver.tree</field>
            <field name="model">hr.employee</field>
            <field name="inherit_id" ref="hr.view_employee_tree"/>
            <field name="arch" type="xml">
                <data>
                    <xpath expr="//field[@name = 'name']" position="after">
                        <field name="licence_no"/>
                    </xpath>
                </data>
            </field>
        </record>

        <!-- Driver Information search View -->
        <record model="ir.ui.view" id="view_bus_driver_search">
            <field name="name">bus.driver.search</field>
            <field name="model">hr.employee</field>
            <field name="inherit_id" ref="hr.view_employee_filter"/>
            <field name="arch" type="xml">
                <data>
                    <xpath expr="//search[@string='Employees']/group/filter[@string='Job']" position="after">
                        <filter icon="terp-personal+" domain="[('job_id','=','Driver')]" name="job_id" string="Driver"/>
                    </xpath>
                </data>
            </field>
        </record>

        <!-- Driver Information Form View -->
        <record model="ir.ui.view" id="view_bus_driver_form">
            <field name="name">bus.driver.form</field>
            <field name="model">hr.employee</field>
            <field name="inherit_id" ref="hr.view_employee_form"/>
            <field name="arch" type="xml">
                <data>
                    <xpath expr="//field[@name = 'name']" position="after">
                        <field name="licence_no"/>
                    </xpath>
                </data>
            </field>
        </record>

        <!-- Transport Participation Tree View -->
        <record model="ir.ui.view" id="view_transport_participation_tree_1">
            <field name="name">transport.participant.tree</field>
            <field name="model">transport.participant</field>
            <field name="arch" type="xml">
                <tree create="false" string="Transport Participants Information" colors="blue:state=='running';red:state in ('over')" >
                    <field name="stu_pid_id"/>
                    <field name="name"/>
                    <field name="transport_id"/>
                    <field name="vehicle_id"/>
                    <field name="point_id"/>
                    <field name="months"/>
                    <field name="tr_reg_date"/>
                    <field name="tr_end_date"/>
                    <field name="amount"/>
                    <field name="state"/>
                </tree>
            </field>
        </record>
        
         <!-- Transport Participation Tree View -->
        <record model="ir.ui.view" id="view_transport_participation_form">
            <field name="name">transport.participant.form</field>
            <field name="model">transport.participant</field>
            <field name="arch" type="xml">
                <form create="false" string="Transport Participants Information" colors="blue:state=='running';red:state in ('over')" version="7.0">
                    <sheet>
                    <separator string="Personal Detail" orientation="vertical"/>
                    <group col="4" colspan="2">
                        <field name="stu_pid_id"/>
                        <field name="name"/>
                    </group>
                    <separator string="Transportation Detail" orientation="vertical"/>
                    <group col="4" colspan="4">
                        <field name="transport_id"/>
                        <field name="vehicle_id"/>
                        <field name="point_id"/>
                        <field name="months"/>
                        <field name="tr_reg_date"/>
                        <field name="tr_end_date"/>
                        <field name="amount"/>
                        <field name="state"/>
                    </group>
                    </sheet>
                </form>
            </field>
        </record>
       
        <!-- Transport Participation Search View -->
        <record model="ir.ui.view" id="view_transport_participant_search">
            <field name="name">transport.participant.search</field>
            <field name="model">transport.participant</field>
            <field name="arch" type="xml">
                <search string="Search">
                <group string="Filter" col="10" colspan="4">
                    <filter icon="terp-personal" string="Running" help="Running" domain="[('state','=','running')]"/>
                    <filter icon="gtk-close" string="Over" help="Over" domain="[('state','=','over')]"/>
                    <separator orientation="vertical"/>
                    <field name="name"/>
                    <field name="transport_id"/>
                    <field name="point_id"/>
                </group>
                <newline/>
                <group expand="0" string="Group By" colspan="12" col="10">
                    <filter icon="terp-personal" string="Name" help="By Name" context="{'group_by':'name'}"/>
                    <separator orientation="vertical"/>
                    <filter icon="terp-stock_symbol-selection" string="Root" help="By Root Name"
                            context="{'group_by':'transport_id'}"/>
                    <separator orientation="vertical"/>
                    <filter icon="terp-stock_symbol-selection" string="Root Point" help="By Root Point Name"
                            context="{'group_by':'point_id'}"/>
                    <separator orientation="vertical"/>
                    <filter icon="terp-stock_symbol-selection" string="State" help="By State Name"
                            context="{'group_by':'state'}"/>
                </group>
                </search>
            </field>
        </record>

        <!-- Transport Point Tree View -->
        <record model="ir.ui.view" id="view_transport_point_tree_1">
            <field name="name">transport.point.tree</field>
            <field name="model">transport.point</field>
            <field name="arch" type="xml">
                <tree string="Transport Point Information">
                    <field name="name"/>
                    <field name="amount"/>
                </tree>
            </field>
        </record>

       <!-- Transport Point Form View -->
       <record model="ir.ui.view" id="transport_point_form1">
            <field name="name">transport.point.form</field>
            <field name="model">transport.point</field>
            <field name="arch" type="xml">
                <form string="Transport Point">
                    <sheet>
                       <group col="4">
                        <field name="name" placeholder="Point Name"/>
                        <field name="amount"/>
                       </group>
                    </sheet>
                </form>
            </field>
        </record>

        <!-- Transport Point Search View -->
        <record model="ir.ui.view" id="view_transport_point_search">
            <field name="name">transport.point.search</field>
            <field name="model">transport.point</field>
            <field name="arch" type="xml">
                <search string="Search">
                    <group col="10" colspan="4">
                        <field name="name"/>
                    </group>
                    <newline/>
                    <group expand="0" string="Group By" colspan="12" col="10">
                        <filter icon="terp-stock_symbol-selection" string="Amount" help="By Ammount" context="{'group_by':'amount'}"/>
                    </group>
                </search>
            </field>
        </record>

       <!-- transport Information Tree View -->
       <record model="ir.ui.view" id="view_student_transport_tree">
            <field name="name">transport.tree</field>
            <field name="model">student.transport</field>
            <field name="arch" type="xml">
                <tree string="Transport Information" colors="grey:state=='draft';blue:state in ('open');red:state in ('close')" >
                    <field name="name"/>
                    <field name="start_date"/>
                    <field name="end_date"/>
                    <field name="contact_per_id"/>
                     <field name="trans_vehicle_ids"/>
                    <field name="state"/>
                </tree>
            </field>
        </record>

       <!-- Transport Information Form View -->
       <record model="ir.ui.view" id="view_student_transport_form">
            <field name="name">student.transport.form</field>
            <field name="model">student.transport</field>
            <field name="arch" type="xml">
                <form string="Transport Information">
                    <header>
                        <button name="transport_open" icon="terp-gtk-go-back-rtl" string="Open" states="draft"  type='object' groups="school.group_school_administration"/>
                        <button name="transport_close" icon="gtk-close" string="Close" states="open" type='object' groups="school.group_school_administration"/>
                        <field name="state" widget="statusbar" nolabel="1"/>
                    </header>
                    <sheet style="width: 90%%,height:90%%">
                    <separator string="Transport Information"/>
                    <group col="4">
                    <field name="name" placeholder="Root Name"/>
                    <field name="contact_per_id" placeholder="Contact Person"/>
                    <field name="start_date" placeholder="Start Date Of Journey"/>
                    <field name="end_date" placeholder="End Date Of Journey"/>
                    <field name="total_participantes"/>
                    </group>
                    <notebook colspan="4">
                        <page string="Vehicles" >
                                <separator string="Transport Vehicle Details" colspan="4"/>
                                <field name="trans_vehicle_ids" nolabel='1'/>
                        </page>
                        <page string="Root Points" >
                             <separator string="Transport Point Details" colspan="4"/>
                             <field name="trans_point_ids" nolabel='1'/>
                        </page>
                        <page string="Participants" >
                            <separator string="Participants Details" colspan="4"/>
                            <field name="trans_participants_ids" nolabel='1'>
                                <tree string="Subject Information">
                                    <field name="stu_pid_id"/>
                                    <field name="name"/>
                                    <field name="vehicle_id"/>
                                    <field name="point_id"/>
                                    <field name="months"/>
                                    <field name="tr_reg_date"/>
                                    <field name="tr_end_date"/>
                                    <field name="amount"/>
                                    <field name="state"/>
                                </tree>
                                <form string="Subject Information">
                                    <group col="6" colspan="4">
                                        <field name="stu_pid_id"/>
                                        <field name="name"/>
                                        <field name="transport_id"/>
                                        <field name="vehicle_id"/>
                                        <field name="point_id"/>
                                        <field name="months"/>
                                        <field name="tr_reg_date"/>
                                        <field name="tr_end_date"/>
                                        <field name="amount"/>
                                        <field name="state"/>
                                    </group>
                                </form>
                            </field>
                        </page>
                    </notebook>
                    </sheet>
                    
                </form>
            </field>
        </record>

        <!-- Transport Information Search View -->
        <record model="ir.ui.view" id="view_student_transport_search">
            <field name="name">student.transport.search</field>
            <field name="model">student.transport</field>
            <field name="arch" type="xml">
                <search string="Search">
                    <group string="Filter" col="10" colspan="4">
                        <filter icon="terp-personal" string="Open" help="Open" domain="[('state','=','open')]"/>
                        <filter icon="gtk-close" string="Close" help="Close" domain="[('state','=','close')]"/>
                        <separator orientation="vertical"/>
                        <field name="name"/>
                        <field name="contact_per_id"/>
                    </group>
                   <newline/>
                    <group expand="0" string="Group By" colspan="12" col="10">
                        <filter string="This Month" icon="terp-go-month" name="this_month"
                                domain="[('start_date','&lt;=',(context_today()+relativedelta(day=31)).strftime('%%Y-%%m-%%d')),('start_date','&gt;=',(context_today()-relativedelta(day=1)).strftime('%%Y-%%m-%%d'))]" 
                                help="Events in current month"/>
                        <separator orientation="vertical"/>
                        <filter icon="terp-stock_symbol-selection" string="Root Name" help="By Root Name" context="{'group_by':'name'}"/>
                        <separator orientation="vertical"/>
                        <filter icon="terp-personal" string="Contact Person" help="By Contact Person" context="{'group_by':'contact_per_id'}"/>
                        <separator orientation="vertical"/>
                        <filter icon="terp-stock_symbol-selection" string="State" help="By State" context="{'group_by':'state'}"/>
                    </group>
                </search>
            </field>
        </record>

       <!-- Transport Registration Form View -->
       <record model="ir.ui.view" id="transport_registration_form1">
            <field name="name">transport.registration.form</field>
            <field name="model">transport.registration</field>
            <field name="arch" type="xml">
                <form string="Transport Registration">
                    <header>
                        <button name="trans_regi_confirm" icon="gtk-apply" string="Confirm" states="draft" type='object'/>
                        <button name="trans_regi_cancel" icon="gtk-cancel" string="Cancel" states="draft" type='object'/>
                        <field name="state" widget="statusbar" readonly="1"/>
                    </header>
                    <sheet>
                        <group colspan="4" col="4" attrs="{'readonly':[('state','!=','draft')]}">
                           <separator string="Transport Registration" colspan="4"/>
                            <field name="part_name" placeholder="Enter Participant Name"/>
                            <field name="name" placeholder="Enter Transport Root Name"/>
                            <field name="vehicle_id" attrs="{'invisible':[('name','=',False)]}" context="{'name':name}"/>
                            <field name="point_id" widget="selection" on_change="onchange_point_id(point_id)" attrs="{'invisible':[('name','=',False)]}" context="{'name':name}"/>
                            <field name="m_amount"/>
                            <field name="for_month" on_change="onchange_for_month(for_month)"/>
                            <field name="reg_date"/>
                            <field name="reg_end_date" context="{'for_month':for_month}"/>
                        </group>
                   </sheet>
                </form>
            </field>
        </record>
        
       <!-- Transport vehicle Information Tree View -->
       <record model="ir.ui.view" id="view_transport_vehicle_tree">
            <field name="name">transport.vehicle.tree</field>
            <field name="model">transport.vehicle</field>
            <field name="arch" type="xml">
                <tree string="Transport vehicle Information">
                    <field name="vehicle"/>
                    <field name="driver_id"/>
                    <field name="capacity"/>
                    <field name="participant"/>
                </tree>
            </field>
        </record>

       <!-- Transport vehicle Information Form View -->
       <record model="ir.ui.view" id="view_transport_vehicle_form">
            <field name="name">transport.vehicle.form</field>
            <field name="model">transport.vehicle</field>
            <field name="arch" type="xml">
                <form string="Transport vehicle Information">
                    <sheet>
                    <group col="4" colspan="4">
                        <field name="vehicle"/>
                        <field name="driver_id"/>
                        <field name="capacity"/>
                        <field name="participant"/>
                    </group>
                    <notebook colspan="4">
                        <page string="Participant" >
                            <separator string="Vehicle Participant Details" colspan="4"/>
                            <field name="vehi_participants_ids" nolabel='1'/>
                        </page> 
                    </notebook>
                    </sheet>   
                </form>
            </field>
        </record>

        <!-- Transport vehicle Information Search View -->
        <record model="ir.ui.view" id="view_transport_vehicle_search">
            <field name="name">transport.vehicle.search</field>
            <field name="model">transport.vehicle</field>
            <field name="arch" type="xml">
                <search string="Search">
                    <group string="Filter" col="10" colspan="4">
                        <field name="vehicle"/>
                        <separator orientation="vertical"/>
                        <field name="driver_id"/>
                    </group>
                    <newline/>
                    <group expand="0" string="Group By" colspan="12" col="10">
                        <filter icon="terp-stock_symbol-selection" string="Driver Name" help="By Driver Name" context="{'group_by':'driver_id'}"/>
                    </group>
                </search>
            </field>
        </record>

        <!-- Transport vehicle Information Action -->
        <record model="ir.actions.act_window" id="action_transport_vehicle">
            <field name="name">Transport Vehicle Information</field>
            <field name="res_model">transport.vehicle</field>
            <field name="view_type">form</field>
            <field name="view_mode">tree,form</field>
        </record>

        <!-- Transport Registration Action -->
        <record model="ir.actions.act_window" id="action_student_transport_registration_form">
            <field name="name">Transport Registration</field>
            <field name="res_model">transport.registration</field>
            <field name="view_type">form</field>
            <field name="view_id" ref="transport_registration_form1"/>
            <field name="view_mode">tree,form</field>
        </record>
        
        <record id="student_rule_transport_registration_record" model="ir.rule">
            <field name="name">Personal Transport Registration Record</field>
            <field ref="school_transport.model_transport_registration" name="model_id"/>
            <field eval="1" name="global"/>
            <field name="domain_force">[('part_name.user_id','=',user.id)]</field>
            <field name="groups" eval="[(4, ref('school.group_school_student'))]"/>
         </record>

        <!-- Transport Participant Action -->
        <record model="ir.actions.act_window" id="action_school_transport_participant_form">
            <field name="name">Transport Participant</field>
            <field name="res_model">transport.participant</field>
            <field name="view_type">form</field>
            <field name="view_mode">tree,form</field>
        </record>
        
        <record id="student_rule_transport_participant_record" model="ir.rule">
            <field name="name">Personal Transport Participant Record</field>
            <field ref="school_transport.model_transport_participant" name="model_id"/>
            <field eval="1" name="global"/>
            <field name="domain_force">[('name.user_id','=',user.id)]</field>
            <field name="groups" eval="[(4, ref('school.group_school_student'))]"/>
         </record>


        <!-- Transport Information Action -->
        <record model="ir.actions.act_window" id="action_student_transport_form">
            <field name="name">Transport Information</field>
            <field name="res_model">student.transport</field>
            <field name="view_type">form</field>
            <field name="view_mode">tree,form</field>
        </record>
        
        <record id="student_rule_transport_record" model="ir.rule">
            <field name="name">Personal Transport Record</field>
            <field ref="school_transport.model_student_transport" name="model_id"/>
            <field eval="1" name="global"/>
            <field name="domain_force">[('trans_participants_ids.name.user_id','=',user.id)]</field>
            <field name="groups" eval="[(4, ref('school.group_school_student'))]"/>
         </record>


        <!-- Driver Information Action -->
        <record model="ir.actions.act_window" id="action_bus_driver_form_1">
            <field name="name">Driver Information</field>
            <field name="res_model">hr.employee</field>
            <field name="view_type">form</field>
            <field name="view_mode">tree,form</field>
        </record>

        <!-- Transport point Information Action -->
        <record model="ir.actions.act_window" id="action_transport_point">
            <field name="name">Point Information</field>
            <field name="res_model">transport.point</field>
            <field name="view_type">form</field>
            <field name="view_mode">tree,form</field>
        </record>

        <!-- Vehicle Driver Information Action -->
        <record id="hr.open_view_employee_tree" model="ir.actions.act_window">
            <field name="name">Employees Structure</field>
            <field name="res_model">hr.employee</field>
            <field name="view_type">tree</field>
            <field name="view_mode">tree,form</field>
            <field name="view_id" ref="hr.view_employee_tree"/>
            <field name="domain">[('parent_id','=',False),('user_id','=',uid)]</field>
            <field name="context">{"search_default_job_id":1}</field>
            <field name="search_view_id" ref="view_bus_driver_search"/>
        </record>

        <!--Menu Items for Transport  -->
        <menuitem
            name="Transport" parent="school.menu_ems"
            id="menu_transport"
            sequence="4"/>
        <menuitem
            name="Transport Information" parent="menu_transport"
            id="menu_transport_sub_form"
            action="action_student_transport_form"/>
        <menuitem
            name="Transport Registration" parent="menu_transport"
            id="menu_transport_registration_sub_form"
            action="action_student_transport_registration_form"/>
        <menuitem
            name="Transport Participant" parent="menu_transport"
            id="menu_transport_sub_participant"
            action="action_school_transport_participant_form"/>
        <menuitem
            name="Transport Details" parent="school.menu_configuration"
            id="menu_tansport_info"
            />            
        <menuitem
            name="Driver Information" parent="menu_tansport_info"
            id="menu_driver_info" action="action_bus_driver_form_1"
            sequence="1"/>
        <menuitem
            name="Vehicle Information" parent="menu_tansport_info"
            id="menu_vehicle_info" action="action_transport_vehicle"
            sequence="2"/>
        <menuitem
            name="Point Information" parent="menu_tansport_info"
            id="menu_point_info" action="action_transport_point"
            sequence="3"/>

    </data>
</openerp>
