<?xml version="1.0"?>
<openerp>
	<data>

		<!-- Time Table Information From View -->
		<record model="ir.ui.view" id="view_time_table_form">
			<field name="name">time.table.form</field>
			<field name="model">time.table</field>
			<field name="arch" type="xml">
				<form string="TimeTable">
					<sheet>
						<group col="4" colspan="4">
							<field name="name" placeholder="Enter Description"/>
							<field name="standard_id" placeholder="Select or Create Standard"/>
							<field name="year_id" colspan="4" placeholder="Select Or Create Year"/>
							<field name="do_not_create"/>
						</group>
						<notebook colspan="4">
							<page string="TimeTable">
								<field name="timetable_ids" nolabel="1" colspan="4">
									<tree string="TimeTable">
										<field name="week_day"/>
										<field name="start_time"/>
										<field name="end_time"/>
										<field name="teacher_id"/>
										<field name="subject_id"/>
									</tree>
									<form string="TimeTable">
										<group col="4" colspan="4">
											<field name="week_day"/>
											<field name="start_time"/>
											<field name="end_time"/>
											<field name="subject_id" attrs="{'invisible':[('is_break','=',True)]}"
												placeholder="Create Or Select Subject"/>
											<field name="teacher_id" context="{'subject_id':subject_id}"
												attrs="{'invisible':[('is_break','=',True)]}" placeholder="Create Or Select Supervisior" />
											<field name="is_break" on_change="onchange_recess(is_break)"/>
										</group>
									</form>
								</field>
							</page>
						</notebook>
					</sheet>
				</form>
			</field>
		</record>

		<!-- Time Table Information Tree View -->
		<record model="ir.ui.view" id="view_time_table_tree">
			<field name="name">time.table.tree</field>
			<field name="model">time.table</field>
			<field name="arch" type="xml">
				<tree string="TimeTable">
					<field name="name"/>
					<field name="standard_id"/>
					<field name="year_id"/>
				</tree>
			</field>
		</record>

		<!-- Time Table Information serach View -->
		<record model="ir.ui.view" id="timetable_search">
			<field name="name">time.table.search</field>
			<field name="model">time.table</field>
			<field name="arch" type="xml">
				<search string="TimeTable">
					<field name="name"/>
					<field name="standard_id"/>
					<field name="year_id"/>
					<newline/>
					<group expand="0" string="Group By..." colspan="12" col="10">
						<separator orientation="vertical"/>
						<filter icon="terp-stock_symbol-selection" string="Academic Class"
							help="By class" context="{'group_by':'standard_id'}"/>
						<filter icon="terp-stock_effects-object-colorize" string="Year"
							help="By year" context="{'group_by':'year_id'}"/>
					</group>
				</search>
			</field>
		</record>

		<!-- Time Table Information Action -->
		<record model="ir.actions.act_window" id="action_time_table_form">
			<field name="name">Time Table</field>
			<field name="res_model">time.table</field>
			<field name="view_type">form</field>
			<field name="view_mode">tree,form</field>
		</record>

		<!-- Menu items of Timetable -->
		<menuitem name="TimeTable" parent="school.menu_ems" id="menu_timetable_1"
			sequence="9"/>
		<menuitem name="TimeTable" parent="menu_timetable_1" id="menu_time_table"
			action="action_time_table_form"/>

		<!-- Inherit Dash Board for exam -->
		<record id="inherit_dashboard_school_timetable" model="ir.ui.view">
			<field name="name">inherit.darshboard.school.timetable</field>
			<field name="model">board.board</field>
			<field name="inherit_id" ref="school.board_my_dash_view" />
			<field name="arch" type="xml">
				<xpath expr="/form/board/column[1]/action[@string='News Update']"
					position="after">
					<action name="%(action_time_table_form)d" string="Time Table"
						groups="school.group_school_administration,school.group_school_student,school.group_school_teacher,school.group_school_parent"/>
				</xpath>
			</field>
		</record>

		<!-- Timetable Record rule for all user -->
		<record id="student_rule_timetable_record" model="ir.rule">
			<field name="name">TimeTable Record</field>
			<field ref="model_time_table" name="model_id"/>
			<field eval="1" name="global"/>
			<field name="domain_force">[('standard_id.student_ids.user_id','=',user.id)]
			</field>
			<field name="groups" eval="[(4, ref('school.group_school_student'))]"/>
		</record>

		<!-- Timetable Record rule for Teacher -->
		<record id="student_rule_timetable_teacher_record" model="ir.rule">
			<field name="name">TimeTable Record for Teacher</field>
			<field ref="model_time_table" name="model_id"/>
			<field eval="1" name="global"/>
			<field name="domain_force">[('timetable_ids.teacher_id.user_id','=',user.id)]
			</field>
			<field name="groups" eval="[(4, ref('school.group_school_teacher'))]"/>
		</record>

	</data>
</openerp>
