<?xml version="1.0" encoding="utf-8"?>
<openerp>
  <data noupdate="0">
    <record model="ir.module.category" id="module_category_school">
            <field name="name">Hostel Management</field>
            <field name="sequence">31</field>
        </record>
        
    <record id="group_hostel_manager" model="res.groups">
        <field name="name">Hostel Manager</field>
         <field name="category_id" ref="module_category_school"/>
    </record>
    
    <record id="group_hostel_user" model="res.groups">
        <field name="name">Hostel User</field>
        <field name="category_id" ref="module_category_school"/>
    </record>
  </data>

</openerp>