<?xml version="1.0" encoding="utf-8"?>
<openerp>
    <data noupdate="1">
        
        <!--  School Hostal -->
        <record id="demo_school_hostel_1" model="hostel.type">
        	<field name="name">International Hostel</field>
        	<field name="type">boys</field>
        </record>
         <record id="demo_school_hostel_2" model="hostel.type">
        	<field name="name">ABPS Hostel</field>
        	<field name="type">common</field>
        </record>
         <record id="demo_school_hostel_3" model="hostel.type">
        	<field name="name">ABC Hostel</field>
        	<field name="type">girls</field>
        </record>
         <record id="demo_school_hostel_4" model="hostel.type">
        	<field name="name">XYZ Hostel</field>
        	<field name="type">common</field>
        </record>
        
       <!--  School Hostel Rooms -->
       <record id="demo_school_hostel_room_1" model="hostel.room">
        	<field name="name" ref="demo_school_hostel_1"/>
        	<field name="room_no">Room No : 101</field>
        	<field name="floor_no">1</field>
        	<field name="student_per_room">3</field>
        </record>
        <record id="demo_school_hostel_room_2" model="hostel.room">
        	<field name="name" ref="demo_school_hostel_2"/>
        	<field name="room_no">Room No : 302</field>
        	<field name="floor_no">3</field>
        	<field name="student_per_room">4</field>
        </record>
        <record id="demo_school_hostel_room_3" model="hostel.room">
        	<field name="name" ref="demo_school_hostel_2"/>
        	<field name="room_no">Room No : 201</field>
        	<field name="floor_no">2</field>
        	<field name="student_per_room">2</field>
        </record>
        <record id="demo_school_hostel_room_4" model="hostel.room">
        	<field name="name" ref="demo_school_hostel_3"/>
        	<field name="room_no">Room No : 102</field>
        	<field name="floor_no">1</field>
        	<field name="student_per_room">4</field>
        </record>
        <record id="demo_school_hostel_room_5" model="hostel.room">
        	<field name="name" ref="demo_school_hostel_1"/>
        	<field name="room_no">Room No : 202</field>
        	<field name="floor_no">2</field>
        	<field name="student_per_room">3</field>
        </record>
        
        <!--Hostel Student -->
        <!--
								<record id="demo_school_hostel_Student_1" model="hostel.student">
        	 <field name="student_id" ref="school.demo_student_student_1"/>
        	<field name="admission_date">2012-06-01</field> 
			<field name="discharge_date">2012-12-30</field>
        	<field name="room_rent">1500</field>
        	<field name="paid_amount">1000</field>
        </record>
        <record id="demo_school_hostel_Student_2" model="hostel.student">
        	 <field name="student_id" ref="school.demo_student_student_2"/>
        	<field name="admission_date">2011-06-01</field> 
			<field name="discharge_date">2011-12-30</field>
        	<field name="room_rent">1250</field>
        	<field name="paid_amount">1000</field>
        </record>
       <record id="demo_school_hostel_Student_3" model="hostel.student">
        	 <field name="student_id" ref="school.demo_student_student_3"/>
        	<field name="admission_date">2012-06-01</field> 
			<field name="discharge_date">2012-12-30</field>
        	<field name="room_rent">1500</field>
        	<field name="paid_amount">1000</field>
        </record>
        <record id="demo_school_hostel_Student_4" model="hostel.student">
        	 <field name="student_id" ref="school.demo_student_student_4"/>
        	<field name="admission_date">2013-06-01</field> 
			<field name="discharge_date">2013-12-30</field>
        	<field name="room_rent">2000</field>
        	<field name="paid_amount">1500</field>
        </record>
        <record id="demo_school_hostel_Student_5" model="hostel.student">
        	 <field name="student_id" ref="school.demo_student_student_5"/>
        	<field name="admission_date">2013-06-01</field> 
			<field name="discharge_date">2013-12-30</field>
        	<field name="room_rent">2000</field>
        	<field name="paid_amount">1000</field>
        </record>
								-->
	</data>
</openerp>
        