"id","name","model_id:id","group_id:id","perm_read","perm_write","perm_create","perm_unlink"

"access_attendance_sheet","attendance.sheet","model_attendance_sheet","school.group_school_administration",1,1,1,1
"access_attendance_sheet_line","attendance.sheet.line","model_attendance_sheet_line","school.group_school_administration",1,1,1,1
"access_daily_attendance","daily.attendance","model_daily_attendance","school.group_school_administration",1,1,1,1
"access_daily_attendance_line","daily.attendance.line","model_daily_attendance_line","school.group_school_administration",1,1,1,1

"access_attendance_sheet","attendance.sheet","model_attendance_sheet","school.group_school_parent",1,0,0,0
"access_attendance_sheet_line","attendance.sheet.line","model_attendance_sheet_line","school.group_school_parent",1,0,0,0
"access_daily_attendance","daily.attendance","model_daily_attendance","school.group_school_parent",1,0,0,0
"access_daily_attendance_line","daily.attendance.line","model_daily_attendance_line","school.group_school_parent",1,0,0,0

"access_attendance_sheet","attendance.sheet","model_attendance_sheet","school.group_school_student",1,1,0,0
"access_attendance_sheet_line","attendance.sheet.line","model_attendance_sheet_line","school.group_school_student",1,1,0,0
"access_daily_attendance","daily.attendance","model_daily_attendance","school.group_school_student",1,1,0,0
"access_daily_attendance_line","daily.attendance.line","model_daily_attendance_line","school.group_school_student",1,1,0,0

"access_attendance_sheet","attendance.sheet","model_attendance_sheet","school.group_school_teacher",1,1,1,0
"access_attendance_sheet_line","attendance.sheet.line","model_attendance_sheet_line","school.group_school_teacher",1,1,1,0
"access_daily_attendance","daily.attendance","model_daily_attendance","school.group_school_teacher",1,1,1,0
"access_daily_attendance_line","daily.attendance.line","model_daily_attendance_line","school.group_school_teacher",1,1,1,0
