<?xml version="1.0" encoding="utf-8"?>
<openerp>
    <data noupdate="1">
    
        <!-- HR Department -->
        <record id="dep_school" model="hr.department">
            <field name="name">school</field>
            <field name="company_id" ref="base.main_company"/>
            <field name="manager_id" ref="hr.employee_fp"/>
        </record>

        <!-- HR Jobs -->
        <record id="job_driver" model="hr.job">
            <field name="name">Driver</field>
            <field name="department_id" ref="dep_school"/>
        </record>

        <!--hr.employee-->
        <record id="hr_employee_driver_1" model="hr.employee">
            <field name="name">Driver-1</field>
            <field name="job_id" ref="job_driver"/>
            <field name="licence_no">GJ123456</field>
        </record>

        <record id="hr_employee_driver_2" model="hr.employee">
            <field name="name">Driver-2</field>
            <field name="job_id" ref="job_driver"/>
            <field name="licence_no">GJ123456</field>
        </record>

        <record id="hr_employee_driver_3" model="hr.employee">
            <field name="name">Driver-3</field>
            <field name="job_id" ref="job_driver"/>
            <field name="licence_no">GJ123456</field>
        </record>

        <record id="hr_employee_driver_4" model="hr.employee">
            <field name="name">Driver-4</field>
            <field name="job_id" ref="job_driver"/>
            <field name="licence_no">GJ123456</field>
        </record>

        <!--transport.point-->
        <record id="transport_point_1" model="transport.point">
            <field name="name">Transport Point-1</field>
            <field name="amount">1000</field>
        </record>

        <record id="transport_point_2" model="transport.point">
            <field name="name">Transport Point-2</field>
            <field name="amount">1200</field>
        </record>

        <record id="transport_point_3" model="transport.point">
            <field name="name">Transport Point-3</field>
            <field name="amount">1400</field>
        </record>

        <record id="transport_point_4" model="transport.point">
            <field name="name">Transport Point-4</field>
            <field name="amount">1000</field>
        </record>

        <record id="transport_point_5" model="transport.point">
            <field name="name">Transport Point-5</field>
            <field name="amount">1200</field>
        </record>

        <record id="transport_point_6" model="transport.point">
            <field name="name">Transport Point-6</field>
            <field name="amount">1400</field>
        </record>

        <!--transport.vehicle-->
        <record id="transport_vehicle_1" model="transport.vehicle">
            <field name="vehicle"> GRN 1623</field>
            <field name="driver_id" ref="hr_employee_driver_1"/>
            <field name="capacity">56</field>
            <field name="participant">1</field>
        </record>

        <record id="transport_vehicle_2" model="transport.vehicle">
            <field name="vehicle"> GJW-2 9666</field>
            <field name="driver_id" ref="hr_employee_driver_2"/>
            <field name="capacity">56</field>
            <field name="participant">1</field>
        </record>

        <record id="transport_vehicle_3" model="transport.vehicle">
            <field name="vehicle"> GJV-2 9666</field>
            <field name="driver_id" ref="hr_employee_driver_3"/>
            <field name="capacity">56</field>
            <field name="participant">1</field>
        </record>

        <record id="transport_vehicle_4" model="transport.vehicle">
            <field name="vehicle"> GJ-1 1906</field>
            <field name="driver_id" ref="hr_employee_driver_4"/>
            <field name="capacity">56</field>
            <field name="participant">1</field>
        </record>

         <!--student.transport-->
        <record id="student_transport_1" model="student.transport">
            <field name="name"> Transport Point-1 to Transport Point-4</field>
            <field name="start_date">2011-07-02 13:42:43</field>
            <field name="end_date">2012-07-02 13:42:43</field>
            <field name="contact_per_id" ref="school.demo_student_student_1"/>
            <field name="state">open</field>
        </record>

        <record id="student_transport_2" model="student.transport">
            <field name="name"> Transport Point-1 to Transport Point-3</field>
            <field name="start_date">2011-07-02 13:42:43</field>
            <field name="end_date">2012-07-02 13:42:43</field>
            <field name="contact_per_id" ref="school.demo_student_student_2"/>
            <field name="state">open</field>
        </record>
        
        <record id="student_transport_3" model="student.transport">
            <field name="name"> Transport Point-1 to Transport Point-2</field>
            <field name="start_date">2012-08-02 13:42:43</field>
            <field name="end_date">2013-07-02 13:42:43</field>
            <field name="contact_per_id" ref="school.demo_student_student_3"/>
            <field name="state">open</field>
        </record>
        
        <record id="student_transport_4" model="student.transport">
            <field name="name"> Transport Point-2 to Transport Point-4</field>
            <field name="start_date">2012-07-02 13:42:43</field>
            <field name="end_date">2013-07-02 13:42:43</field>
            <field name="contact_per_id" ref="school.demo_student_student_4"/>
            <field name="state">open</field>
        </record>
        
        <record id="student_transport_5" model="student.transport">
            <field name="name"> Transport Point-2 to Transport Point-3</field>
            <field name="start_date">2011-07-02 13:42:43</field>
            <field name="end_date">2012-07-02 13:42:43</field>
            <field name="contact_per_id" ref="school.demo_student_student_5"/>
            <field name="state">open</field>
        </record>

        <!--transport.participants-->
        <record id="transport_participant_1" model="transport.participant">
            <field name="name" ref="school.demo_student_student_1"/>
            <field name="stu_pid_id">2011/07/001</field>
            <field name="transport_id" ref="student_transport_1"/>
            <field name="vehicle_id" ref="transport_vehicle_1"/>
            <field name="tr_reg_date">2011-07-05 13:42:43</field>
            <field name="tr_end_date">2011-09-05 13:42:43</field>
            <field name="point_id" ref="transport_point_1"/>
            <field name="months">2</field>
            <field name="amount">2000</field>
        </record>

       <record id="transport_participant_2" model="transport.participant">
            <field name="name" ref="school.demo_student_student_2"/>
            <field name="stu_pid_id">2011/07/002</field>
            <field name="transport_id" ref="student_transport_2"/>
            <field name="vehicle_id" ref="transport_vehicle_2"/>
            <field name="point_id" ref="transport_point_2"/>
            <field name="tr_reg_date">2011-07-05 13:42:43</field>
            <field name="tr_end_date">2011-09-05 13:42:43</field>
            <field name="months">2</field>
            <field name="amount">2400</field>
        </record>

        <record id="transport_participant_3" model="transport.participant">
            <field name="name" ref="school.demo_student_student_3"/>
            <field name="stu_pid_id">2011/07/003</field>
            <field name="transport_id" ref="student_transport_3"/>
            <field name="point_id" ref="transport_point_4"/>
            <field name="vehicle_id" ref="transport_vehicle_3"/>
            <field name="tr_reg_date">2011-07-05 13:42:43</field>
            <field name="tr_end_date">2011-10-05 13:42:43</field>
            <field name="months">3</field>
            <field name="amount">3000</field>
        </record>

        <record id="transport_participant_4" model="transport.participant">
            <field name="name" ref="school.demo_student_student_4"/>
            <field name="stu_pid_id">2011/07/004</field>
            <field name="transport_id" ref="student_transport_4"/>
            <field name="point_id" ref="transport_point_5"/>
            <field name="vehicle_id" ref="transport_vehicle_4"/>
            <field name="tr_reg_date">2011-07-05 13:42:43</field>
            <field name="tr_end_date">2011-10-05 13:42:43</field>
            <field name="months">3</field>
            <field name="amount">3600</field>
        </record>

        <!--transport.registration-->
        <record id="transport_registration_1" model="transport.registration">
            <field name="name" ref="student_transport_1"/>
            <field name="part_name" ref="school.demo_student_student_1"/>
            <field name="reg_date">2011-07-05 13:42:43</field>
            <field name="vehicle_id" ref="transport_vehicle_1"/>
            <field name="reg_state">confirm</field>
            <field name="point_id" ref="transport_point_1"/>
            <field name="for_month">5</field>
        </record>

        <record id="transport_registration_2" model="transport.registration">
            <field name="name" ref="student_transport_1"/>
            <field name="part_name" ref="school.demo_student_student_2"/>
            <field name="reg_date">2011-07-05 13:42:43</field>
            <field name="vehicle_id" ref="transport_vehicle_2"/>
            <field name="reg_state">confirm</field>
            <field name="point_id" ref="transport_point_2"/>
            <field name="for_month">4</field>
        </record>

        <record id="transport_registration_3" model="transport.registration">
            <field name="name" ref="student_transport_1"/>
            <field name="part_name" ref="school.demo_student_student_3"/>
            <field name="reg_date">2011-07-05 13:42:43</field>
            <field name="vehicle_id" ref="transport_vehicle_3"/>
            <field name="reg_state">confirm</field>
            <field name="point_id" ref="transport_point_3"/>
            <field name="for_month">3</field>
        </record>

        <record id="transport_registration_4" model="transport.registration">
            <field name="name" ref="student_transport_2"/>
            <field name="part_name" ref="school.demo_student_student_4"/>
            <field name="reg_date">2011-07-05 13:42:43</field>
            <field name="vehicle_id" ref="transport_vehicle_4"/>
            <field name="reg_state">confirm</field>
            <field name="point_id" ref="transport_point_4"/>
            <field name="for_month">2</field> 
        </record>

        <!--student.student-->
        <record id="school.demo_student_student_1" model="student.student">
            <field name="transport_ids" eval="[(6, 0,[ref('transport_participant_1')])]" />
        </record>

        <record id="school.demo_student_student_2" model="student.student">
            <field name="transport_ids" eval="[(6, 0,[ref('transport_participant_2')])]" />
        </record>

        <record id="school.demo_student_student_3" model="student.student">
            <field name="transport_ids" eval="[(6, 0,[ref('transport_participant_3')])]" />
        </record>

        <record id="school.demo_student_student_4" model="student.student">
            <field name="transport_ids" eval="[(6, 0,[ref('transport_participant_4')])]" />
        </record>

       <!--student.transport-->
<!--        <record id="school_transport.student_transport_1" model="student.transport"> -->
<!--             <field name="trans_vehicle_ids"  -->
<!--                 eval="[(6, 0,[ref('transport_vehicle_1'), -->
<!--                 ref('transport_vehicle_2')])]" /> -->
<!--             <field name="trans_participants_ids"  -->
<!--                 eval="[(6, 0,[ref('transport_participant_1'), -->
<!--                 ref('transport_participant_2')])]" /> -->
<!--             <field name="trans_point_ids"  -->
<!--                 eval="[(6, 0,[ref('transport_point_1'), -->
<!--                 ref('transport_point_2'), -->
<!--                 ref('transport_point_3')])]" /> -->
<!--        </record>  -->

<!--        <record id="school_transport.student_transport_2" model="student.transport"> -->
<!--             <field name="trans_vehicle_ids"  -->
<!--                 eval="[(6, 0,[ref('transport_vehicle_3'), -->
<!--                 ref('transport_vehicle_4')])]" /> -->
<!--             <field name="trans_participants_ids"  -->
<!--                 eval="[(6, 0,[ref('transport_participant_3'), -->
<!--                 ref('transport_participant_4')])]" /> -->
<!--             <field name="trans_point_ids"  -->
<!--                 eval="[(6, 0,[ref('transport_point_4'), -->
<!--                 ref('transport_point_5'), -->
<!--                 ref('transport_point_6')])]" /> -->
<!--        </record> -->

       <!--transport.vehicle-->
<!--        <record id="school_transport.transport_vehicle_1" model="transport.vehicle"> -->
<!--            <field name="vehi_participants_ids"  -->
<!--                eval="[(6, 0,[ref('transport_participant_1')])]" /> -->
<!--       </record> -->

<!--       <record id="school_transport.transport_vehicle_2" model="transport.vehicle"> -->
<!--            <field name="vehi_participants_ids"  -->
<!--                eval="[(6, 0,[ref('transport_participant_2')])]" /> -->
<!--       </record> -->

<!--       <record id="school_transport.transport_vehicle_3" model="transport.vehicle"> -->
<!--            <field name="vehi_participants_ids"  -->
<!--                eval="[(6, 0,[ref('transport_participant_3')])]" /> -->
<!--       </record> -->

<!--       <record id="school_transport.transport_vehicle_4" model="transport.vehicle"> -->
<!--            <field name="vehi_participants_ids"  -->
<!--                eval="[(6, 0,[ref('transport_participant_4')])]" /> -->
<!--       </record> -->
      
      <record model="ir.cron" id="ir_cron_student_transport_every_day">
            <field name="name">student_transport</field>
            <field name="interval_number">1</field>
            <field name="interval_type">days</field><!-- it s every day -->
            <field name="numbercall">-1</field>
            <field name="doall" eval="False"/>
            <field eval="'student.transport'" name="model" />
            <field eval="'delet_entry'" name="function" />
            <field eval="'()'" name="args"/>
        </record>

    </data>
</openerp>
