<?xml version="1.0"?>
<openerp>
    <data>

         <!-- Teacher Assignment Information Tree View -->
        <record model="ir.ui.view" id="view_school_teacher_assignment_tree">
            <field name="name">school.teacher.assignment.tree</field>
            <field name="model">school.teacher.assignment</field>
            <field name="arch" type="xml">
                <tree string="Assignment Information">
                    <field name="name" />
                    <field name="teacher_id" select="1"/>
                    <field name="standard_id"/>
                    <field name="subject_id" />
                    <field name="assign_date" />
                    <field name="due_date"/>
                    <field name="state" select="1"/>
                </tree>
            </field>
        </record>

        <!-- Teacher Assignment Information Search View -->
        <record model="ir.ui.view" id="view_school_teacher_assignment_search">
            <field name="name">school.teacher.assignment.search</field>
            <field name="model">school.teacher.assignment</field>
            <field name="arch" type="xml">
                <search string="Assignment Information">
                    <filter string="Active" domain="[('state','=','active')]" icon="terp-camera_test"/>
                    <separator orientation="vertical"/>
                    <field name="name"/>
                    <field name="teacher_id"/>
                    <field name="standard_id"/>
                    <field name="subject_id"/>
                    <field name="assign_date"/>
                    <field name="due_date"/>
                    <newline/>
                    <group expand="0" string="Group By...">
                        <filter string="State" context="{'group_by': 'state'}" icon="terp-stock_effects-object-colorize"/>
                        <filter string="Teacher" icon="terp-stock_symbol-selection" domain="" context="{'group_by':'teacher_id'}"/>
                        <filter string="Subject" icon="terp-stock_symbol-selection" domain="" context="{'group_by':'subject_id'}"/>
                        <filter string="Standard" icon="terp-stock_symbol-selection" domain="" context="{'group_by':'standard_id'}"/>
                        <filter string="Assign Date" icon="terp-stock_symbol-selection" domain="" context="{'group_by':'assign_date'}"/>
                    </group>
                </search>
            </field>
        </record>

        <!-- Teacher Assignment Information From View -->
        <record model="ir.ui.view" id="view_school_teacher_assignment_form">
            <field name="name">school.teacher.assignment.form</field>
            <field name="model">school.teacher.assignment</field>
            <field name="arch" type="xml">
                <form string="Assignment Information" >
                    <header>
                        <button name = "active_assignment" states="draft" string="Active Assignment" type="object" icon="gtk-ok"/>
                        <field name="state" widget="statusbar" readonly="1"/>
                    </header>
                    <sheet>
                        <separator string="Teacher Assignment" colspan="4"/>
                        <group col="4" colspan="4">
                            <field name="name" placeholder="Assignment Name"/>
                            <field name="teacher_id" placeholder="Teacher Name"/>
                        </group>
                        
                        <group col="2" string="Standard" colspan="2">
                            <separator  colspan="4" col="4"/>
                            <field name="standard_id" select="1" placeholder="Standard"/>
                        </group>
                        <group col="2" string="Subject and Dates" colspan="2">
                            <separator colspan="4" col="4"/>
                            <field name="subject_id" select="1" placeholder="Subject"/>
                            <field name="assign_date" placeholder="Assign Date"/>
                            <field name="due_date" placeholder="Due Date"/>
                        </group>
                        <separator string="Attachements" colspan="4"/>
                        <group col="6" colspan="4">
                            <field name="attached_homework" placeholder="Attachement File"/>
                        </group>
                    
                    </sheet>
                </form>
            </field>
        </record>

        <!-- Assignment Information Action -->
        <record model="ir.actions.act_window" id="action_school_teacher_assignment_form">
            <field name="name">Teacher Assignment</field>
            <field name="res_model">school.teacher.assignment</field>
            <field name="view_type">form</field>
            <field name="view_mode">tree,form</field>
        </record>

        <!-- student Assignment Information Tree View -->
        <record model="ir.ui.view" id="view_school_student_assignment_tree">
            <field name="name">school.student.assignment.tree</field>
            <field name="model">school.student.assignment</field>
            <field name="arch" type="xml">
                <tree string="Assignment Information">
                    <field name="student_id"/>
                    <field name="name"/>
                    <field name="teacher_id"/>
                    <field name="subject_id"/>
                    <field name="standard_id"/>
                    <field name="assign_date"/>
                    <field name="due_date"/>
                    <field name="state"/>
                </tree>
            </field>
        </record>

        <!-- Student Assignment Information Search View -->
        <record model="ir.ui.view" id="view_school_student_assignment_search">
            <field name="name">school.student.assignment.search</field>
            <field name="model">school.student.assignment</field>
            <field name="arch" type="xml">
                <search string="Assignment Information">
                    <filter string="Active" domain="[('state','=','active')]" icon="terp-camera_test"/>
                    <separator orientation="vertical"/>
                    <field name="name" />
                    <!-- <field name="student_id"/> -->
                    <field name="teacher_id"/>
                    <field name="standard_id"/>
                    <field name="subject_id" />
                    <field name="assign_date"/>
                    <field name="due_date"/>
                    <newline/>
                    <group expand="0" string="Group By...">
                        <filter string="State" context="{'group_by': 'state'}" icon="terp-stock_effects-object-colorize"/>
                        <filter string="Student" icon="terp-folder-orange" domain="" context="{'group_by':'student_id'}"/>
                        <filter string="Teacher" icon="terp-stock_symbol-selection" domain="" context="{'group_by':'teacher_id'}"/>
                        <filter string="Subject" icon="terp-stock_symbol-selection" domain="" context="{'group_by':'subject_id'}"/>
                        <filter string="Standard" icon="terp-stock_symbol-selection" domain="" context="{'group_by':'standard_id'}"/>
                        <filter string="Assign Date" icon="terp-stock_symbol-selection" domain="" context="{'group_by':'assign_date'}"/>
                    </group>
                </search>
            </field>
        </record>

        <!-- student Assignment Information From View -->
        <record model="ir.ui.view" id="view_school_student_assignment_form">
            <field name="name">school.student.assignment.form</field>
            <field name="model">school.student.assignment</field>
            <field name="arch" type="xml">
                <form string="Assignment Information">
                    <header>
                        <button name = "done_assignment" states="active" string="Done" type="object" icon="gtk-ok"/>
                        <field name="state" widget="statusbar" readonly="1"/>
                    </header>
                   <sheet>
                    <separator colspan="4"/>
                    <group col="4" colspan="4" string="Assignment Information">
                        <field name="student_id" placeholder="Student"/>
                        <field name="name" placeholder="Assignment Name"/>
                        <newline />
                        <field name="teacher_id" placeholder="Teacher"/>
                    </group>
                    <group col="2" string="Standard and Division" colspan="2">
                        <separator  colspan="4" col="4"/>
                        <field name="subject_id"  placeholder="Subject"/>
                        <field name="standard_id" placeholder="Standerd"/>
                    </group>
                    <group col="2" colspan="2" string="Dates">
                        <separator colspan="4" col="4"/>
                        <field name="assign_date" placeholder="Assign Date" />
                        <field name="due_date" placeholder="Due Date"/>
                    </group>
                    <separator string="Attachements" colspan="4"/>
                        <group col="6" colspan="4">
                            <field name="attached_homework" placeholder="Attachment File"/>
                        </group>
                   </sheet>
                </form>
            </field>
        </record>
         
        <!-- Assignment Information Action -->
        <record model="ir.actions.act_window" id="action_school_student_assignment_form_btn">
            <field name="name">Student Assignment</field>
            <field name="res_model">school.student.assignment</field>
            <field name="view_type">form</field>
            <field name="view_mode">tree,form</field>
            <field name="context">{'search_default_student_id': active_id}</field>
        </record>
        
        <record model="ir.ui.view" id="view_student_student_form2">
            <field name="name">student.student.form</field>
            <field name="model">student.student</field>
            <field name="inherit_id" ref="school.view_student_student_form_1"/>
            <field name="arch" type="xml">
                <data>
                    <xpath expr="//div[@name='buttons']" position="inside">
                        <button name="%(action_school_student_assignment_form_btn)d" type="action" class="oe_inline oe_stat_button">
                            <img src="/assignment/static/description/Assign.png" style="height:25px;width:50px;float:left;"/>
                            <lable style = "">Assignment</lable>
                        </button>
                    </xpath>
                </data>
            </field>
        </record>
        
         <!-- Assignment Information Action -->
        <record model="ir.actions.act_window" id="action_school_student_assignment_form">
            <field name="name">Student Assignment</field>
            <field name="res_model">school.student.assignment</field>
            <field name="view_type">form</field>
            <field name="view_mode">tree,form</field>
        </record>

        <!-- Menu items for Assignment-->
        <menuitem name="Assignment"
                parent="school.menu_ems"
                id="menu_assignment" sequence="5" />
        <menuitem name="Student Assignment"
                parent="menu_assignment"
                id="menu_student_assignment_sub_form"
                action="action_school_student_assignment_form" sequence="2" groups="school.group_school_administration,school.group_school_teacher,school.group_school_student"/>
         <menuitem name="Teacher Assignment"
                parent="menu_assignment"
                id="menu_teacher_assignment_sub_form"
                action="action_school_teacher_assignment_form" sequence="1" groups="school.group_school_administration,school.group_school_teacher"/>

    </data>
</openerp>
