<?xml version="1.0" encoding="utf-8"?>
<openerp>
<data>

    <!-- General structure of a workflow XML file -->
    <record model="workflow" id="wkf_event_1">
        <field name="name">workflow.event.1</field>
        <field name="osv">student.payslip</field>
        <field name="on_create">True</field>
    </record>

    <!-- Student Payslip Procedure Workflow Activities -->
    <record model="workflow.activity" id="act_draft">
        <field name="wkf_id" ref="wkf_event_1" />
        <field name="name">activity.draft</field>
        <field name="flow_start">True</field>
        <field name="kind">function</field>
        <field name="action">payslip_draft()</field>
    </record>

    <record model="workflow.activity" id="act_confirm">
        <field name="wkf_id" ref="wkf_event_1" />
        <field name="name">activity.confirm</field>
        <field name="kind">function</field>
        <field name="action">payslip_confirm()</field>
    </record>
	<record model="workflow.activity" id="act_paid">
        <field name="wkf_id" ref="wkf_event_1" />
        <field name="name">activity.paid</field>
        <field name="flow_stop">True</field>
        <field name="kind">function</field>
        <field name="action">student_pay_fees()</field>
    </record>

    <!-- Student Payslip Procedure Workflow Transitions -->
    <record model="workflow.transition" id="trans_draft_confirm">
        <field name="act_from" ref="act_draft" />
        <field name="act_to" ref="act_confirm" />
        <field name="signal">payslip_confirm</field>
    </record>
    <record model="workflow.transition" id="trans_confirm_paid">
        <field name="act_from" ref="act_confirm" />
        <field name="act_to" ref="act_paid" />
        <field name="signal">student_pay_fees</field>
    </record>

</data>
</openerp>

