<?xml version="1.0" ?>
<openerp>
    <data noupdate="1">
        <record id="school_teacher_assignment_firstexercise0" model="school.teacher.assignment">
            <field name="division_id" ref="school.demo_standard_division_1"/>
            <field name="teacher_id" ref="hr.employee_al"/>
            <field name="name">First Exercise</field>
            <field name="medium_id" ref="school.demo_standard_medium_1"/>
            <field name="due_date" eval= "time.strftime('%Y-%m-%d')" />
            <field name="subject_id" ref="school.demo_subject_subject_1"/>
            <field name="assign_date" eval= "time.strftime('%Y-%m-%d')" />
            <field name="standard_id" ref="school.demo_standard_standard_1"/>
        </record>
    
        <record id="school_teacher_assignment_secondpractice0" model="school.teacher.assignment">
            <field name="division_id" ref="school.demo_standard_division_1"/>
            <field name="teacher_id" ref="hr.employee_mit"/>
            <field name="name">Second practice</field>
            <field name="medium_id" ref="school.demo_standard_medium_1"/>
            <field name="due_date" eval= "time.strftime('%Y-%m-%d')" />
            <field name="subject_id" ref="school.demo_subject_subject_2"/>
            <field name="assign_date" eval= "time.strftime('%Y-%m-%d')" />
            <field name="standard_id" ref="school.demo_standard_standard_1"/>
        </record>
    
        <record id="school_teacher_assignment_firstexercise1" model="school.teacher.assignment">
            <field name="division_id" ref="school.demo_standard_division_1"/>
            <field name="teacher_id" ref="hr.employee_mit"/>
            <field name="name">First Exercise</field>
            <field name="medium_id" ref="school.demo_standard_medium_1"/>
            <field name="due_date" eval= "time.strftime('%Y-%m-%d')" />
            <field name="subject_id" ref="school.demo_subject_subject_4"/>
            <field name="assign_date" eval= "time.strftime('%Y-%m-%d')" />
            <field name="standard_id" ref="school.demo_standard_standard_1"/>
        </record>
    
        <record id="school_teacher_assignment_secondexercise0" model="school.teacher.assignment">
            <field name="division_id" ref="school.demo_standard_division_2"/>
            <field name="teacher_id" ref="hr.employee_mit"/>
            <field name="name">Second Exercise</field>
            <field name="medium_id" ref="school.demo_standard_medium_1"/>
            <field name="due_date" eval= "time.strftime('%Y-%m-%d')" />
            <field name="subject_id" ref="school.demo_subject_subject_3"/>
            <field name="assign_date" eval= "time.strftime('%Y-%m-%d')" />
            <field name="standard_id" ref="school.demo_standard_standard_3"/>
        </record>
    
        <record id="school_teacher_assignment_thirdexercise0" model="school.teacher.assignment">
            <field name="division_id" ref="school.demo_standard_division_1"/>
            <field name="teacher_id" ref="hr.employee_jth"/>
            <field name="name">Third Exercise</field>
            <field name="medium_id" ref="school.demo_standard_medium_3"/>
            <field name="due_date" eval= "time.strftime('%Y-%m-%d')" />
            <field name="subject_id" ref="school.demo_subject_subject_3"/>
            <field name="assign_date" eval= "time.strftime('%Y-%m-%d')" />
            <field name="standard_id" ref="school.demo_standard_standard_2"/>
        </record>
    
    
    <!--Student assignment -->      
        <record id="school_Student_assignment_firstxercise0" model="school.student.assignment">
            <field name="school_id" ref="school.demo_school_1"/>
<!--            <field name="name">Mountcarmel</field-->
            <field name="student_id" ref="school.demo_student_student_1"/>
            <field name="teacher_id" ref="hr.employee_jth"/>
            <field name="name">First Exercise</field>
            <field name="subject_id" ref="school.demo_subject_subject_1"/>
            <field name="standard_id" ref= "school.demo_school_standard_1"/>
            <field name="assign_date" eval= "time.strftime('%Y-%m-%d')" />
            <field name="due_date" eval= "time.strftime('%Y-%m-%d')" />
        </record> 
        
        <record id="school_Student_assignment_secondexercise0" model="school.student.assignment">
            <field name="school_id" ref="school.demo_school_2"/>
<!--            <field name="name">Swaminarayan</field-->
            <field name="student_id" ref="school.demo_student_student_2"/>
            <field name="teacher_id" ref="hr.employee_jth"/>
            <field name="name">Second Exercise</field>
            <field name="subject_id" ref="school.demo_subject_subject_2"/>
            <field name="standard_id" ref= "school.demo_school_standard_2" />
            <field name="assign_date" eval= "time.strftime('%Y-%m-%d')" />
            <field name="due_date" eval= "time.strftime('%Y-%m-%d')" />
        </record> 
        
        <record id="school_Student_assignment_thirdexercise0" model="school.student.assignment">
            <field name="school_id" ref="school.demo_school_3"/>
<!--            <field name="name">JayHind</field-->
            <field name="student_id" ref="school.demo_student_student_3"/>
            <field name="teacher_id" ref="hr.employee_jth"/>
            <field name="name">Third Exercise</field>
            <field name="subject_id" ref="school.demo_subject_subject_3"/>
            <field name="standard_id" ref= "school.demo_school_standard_3" />
            <field name="assign_date" eval= "time.strftime('%Y-%m-%d')" />
            <field name="due_date" eval= "time.strftime('%Y-%m-%d')" />
        </record> 
    </data>
</openerp>
